# CardIndex ledger — assigned once, never reused, never reordered.
#
# A card's index is its permanent rules identity: DeckEntry stores one, the
# gateway persists decks made of them, and a replay names them. So this file
# is append-only. A new card takes the next free index; a card that leaves the
# pool retires its own and the slot stays empty.
#
# Written by `cargo xtask codegen`. `codegen --check` fails if a run would
# change it, so no index is ever assigned outside a commit.
#
# index	oracle_id	name
0	481c3e14-b670-4fab-aa9f-6ce5b514096d	Aang and Katara
1	9575d7ce-f26d-4b90-87a3-6329e9799572	Abandoned Air Temple
2	fb220f46-f8b8-4804-baa4-e7d50b4871f7	Aether Channeler
3	3a30089d-cd2d-49be-9b06-7a2454117692	Aminatou, the Fateshifter
4	9728dec9-d482-4c7a-8cdc-44d010dc878d	Ancestral Vision
5	7d7cf15c-06b9-4062-a1eb-32614c458a3b	Arcane Sanctum
6	a91a3266-cadd-47a0-9b20-160307f14c07	Archaeomancer
7	c5acf2a5-40f4-433d-a74d-1cb56c521464	Arid Mesa
8	93723b12-db34-4047-885e-8606415b1553	Ashiok, Dream Render
9	13ff3222-91cb-4796-a34e-899ed817694c	Badlands
10	37688720-03de-4eca-a82d-a0afe8d58adc	Baleful Strix
11	a6898364-c29e-4b97-a500-344efa3ec24a	Banishing Stroke
12	2b8144a0-08d2-4c28-9fd7-5d90f90105e4	Bleachbone Verge
13	fc0707c7-d504-4ccf-a0d2-3eb6e26e7a57	Bloodstained Mire
14	04b7362d-0490-4cb0-b5d7-2a7732f659ce	Bojuka Bog
15	36cd2364-d113-47d1-b2c4-b088d9eb88dd	Brainstorm
16	1c633e02-95ef-445e-b4e0-fbfbc5ed9cc9	Brightclimb Pathway // Grimclimb Pathway
17	89ca686a-7c72-4d8f-9290-e89635624a83	Cavern of Souls
18	c48d844c-3976-4fa5-8e0d-3f0e535e7619	Charming Prince
19	539f5396-d99a-417d-a84c-dff7930b5900	Chromatic Lantern
20	f25351e3-539b-4bbc-b92d-6480acf4d722	City of Brass
21	144119bc-7fd1-45c5-9e29-f742e7c255ac	Clearwater Pathway // Murkwater Pathway
22	42bb7ea9-f6e4-4551-8d93-3b1eae84b865	Clever Concealment
23	0895c9b7-ae7d-4bb3-af17-3b75deb50a25	Command Tower
24	54d7d7f8-22cd-4859-b203-924d248b422b	Commander's Insight
25	cc187110-1148-4090-bbb8-e205694a39f5	Counterspell
26	2987c385-011a-4032-a516-a46d1e9dc9e8	Crib Swap
27	5669ea7c-c4fc-494c-896b-4bce9b494817	Curse of the Swine
28	4d67e2a7-4aa7-44cc-853b-500d7aac046d	Cursed Mirror
29	d75b9c82-1b49-4c3e-a1b5-aeef57d6644b	Cyclonic Rift
30	b01d61cc-9844-4191-86a0-f2db6d42d6e5	Damn
31	9b3bec05-441f-4fdf-8b51-69fa8613fcd4	Darksteel Forge
32	82004860-e589-4e38-8d61-8c0210e4ea39	Demonic Tutor
33	f8b17b89-26ce-4208-874a-9e1d66514640	Dig Through Time
34	ece44a82-dcf0-4439-bdd9-a09c99a6f159	Double Major
35	01546b7d-a233-4176-8843-d732074dc5b6	Doubling Season
36	819fc966-434e-470f-91e9-a38df974ad17	Drowned Catacomb
37	9da9248d-1201-447f-b6c2-2b64af4f71c4	Earth King's Lieutenant
38	0634091a-a74c-4cea-b6d1-7324a725554a	Eerie Interlude
39	5ade11c0-41dd-4b6a-9f5b-c5903a3a0d7f	Elesh Norn, Mother of Machines
40	f78af825-023a-42e9-8374-5c52303a1417	Elspeth, Storm Slayer
41	93056597-b964-421f-be2f-e92abef1c2a4	Emeritus of Woe // Demonic Tutor
42	c5229c17-b7be-4b05-b683-f2277edc4849	Enlightened Tutor
43	2de6c3d9-1759-40a2-99c6-8cbe17b4bcdd	Entreat the Dead
44	0fd57894-b917-41c8-a394-360d1d31b236	Ephemerate
45	3d038f7c-95fa-4b71-8f74-b9b4dd45cde0	Ertai Resurrected
46	5def9f38-0a0b-4e8d-9f9d-29dcb46520b4	Esper Sentinel
47	39213de3-6a4a-4879-a7f9-70f45013765e	Everybody Lives!
48	27b047e3-0d41-45e2-98e9-9391d7923a1e	Exotic Orchard
49	42bf259d-4bb9-49c3-b4ec-223dca62f4d6	Fetid Heath
50	d09c9cba-fdd2-479b-ad5d-d05181c3e3f9	Fierce Guardianship
51	4e183439-17d2-47ff-9d99-5e22821d91e3	Flawless Maneuver
52	f3c7af78-a77d-4134-82a2-a5ce84285a84	Flooded Strand
53	ac2173f9-f223-440a-9231-fd98762bdc6f	Force of Negation
54	956381ba-6d37-4a8a-846c-bad79222dbee	Force of Will
55	b34bb2dc-c1af-4d77-b0b3-a0fb342a5fc6	Forest
56	f21d0319-0509-4ac1-b6e3-10955a26fd7a	Fracture
57	b0f19cba-1339-4518-8320-d7b1dcaf2eb0	General Tazri
58	7f06c098-6482-4bf3-a9a1-110d6d5b5703	Gilded Drake
59	027dd013-baa7-4111-b3c9-f4d1414e9c45	Glacial Fortress
60	c178953c-3888-4edd-9d0c-265bd82b1d24	Glasspool Mimic // Glasspool Shore
61	73864fcc-1bde-4bc0-831e-2b93e546e417	Godless Shrine
62	79e69a91-d580-47fb-be76-1e32c50d2fa0	Great Divide Guide
63	5e2c1e0e-0a10-416a-9b50-96ee0cbbc24e	Hagra Diabolist
64	fd3e37c9-93bf-4f3e-a279-22afbffd8d43	Halimar Excavator
65	f1750962-a87c-49f6-b731-02ae971ac6ea	Hallowed Fountain
66	ead985ec-f29f-4a3b-b8b1-061142cc5bd1	Harabaz Druid
67	e7564d66-767c-4cd9-a5f0-0f2488a4a74b	Heliod's Intervention
68	83b43aba-bf9c-4da2-967d-9daa632e97d2	Helm of the Host
69	461b3f2f-fcee-4160-abfa-061f8b6a784f	Hengegate Pathway // Mistgate Pathway
70	24882fa2-3fe9-4c1b-aa3d-0e6488b9db27	Heroic Intervention
71	cb8ec2e4-8223-4172-8f2c-37c918a573fa	Homeward Path
72	ec2b3779-55f7-4169-aa66-6312fb52721f	Indatha Triome
73	554df866-3dbb-4811-8573-6033481591aa	Inspirit, Flagship Vessel
74	b2c6aa39-2d2a-459c-a555-fb48ba993373	Island
75	7e5d9efe-48a9-434b-bb09-056e0e09cc9a	Isolated Chapel
76	7f77a84e-5a4b-4834-aefa-3cecc175ae8e	Jace, the Mind Sculptor
77	d9a24444-289f-473f-9985-8df275257555	Jasmine Dragon Tea Shop
78	f5daadc1-98ff-480a-82bb-fe7bfaa7b60e	Jin-Gitaxias, Progress Tyrant
79	59119143-c0fa-49dd-adf0-e2fd3029c48b	Karakas
80	8c31fec9-e4b3-4761-990e-7be38eb05604	Karmic Guide
81	a20dd48d-d344-4db1-b0e9-a2b71c3cc9d1	Karn, the Great Creator
82	0972d46e-423b-454e-87c7-a2d40fb6fb6d	Katara, the Fearless
83	133f5d30-d883-493e-93a1-cf9583db460b	Kazandu Blademaster
84	276cece9-f9f2-46e6-ae76-daddaa2fb9ab	Kor Haven
85	f4bdc551-c2eb-4a34-a3e3-b4a017c925af	Liquimetal Coating
86	b7d4b7dd-fbb1-4ca3-875f-ef13a95e66ad	Liquimetal Torque
87	b3d81980-76f2-44e2-b1c9-01e30c726312	Loran of the Third Path
88	90076bf5-aa9a-4a6e-9035-9aa97fd5561e	Luminarch Ascension
89	64ebdd6f-acde-4aab-a86b-2798bad5f70c	Machine God's Effigy
90	74d3277a-38e5-4732-afed-084a56148f20	Mana Drain
91	dab520d0-20b4-4273-ba6b-eb07f85ea433	Marsh Flats
92	9b2cdbed-c733-409b-b0e4-2c8960c25111	Maskwood Nexus
93	38a12bd7-4394-44a8-91a0-6a4ff7fa4f71	Maze of Ith
94	017aa9b3-a8ea-4588-9c50-e914a7d8e4ee	Metamorphosis Fanatic
95	5768fe50-a134-492c-a725-5ed02610c39f	Mirrorhall Mimic // Ghastly Mimicry
96	c39e5fb0-6de3-4105-ad3c-0ecb8951a1d5	Misdirection
97	09dd85aa-47bc-4713-a9b9-8b52ff2285ed	Misty Rainforest
98	de2440de-e948-4811-903c-0bbe376ff64d	Mox Opal
99	24d0f5e7-0d9e-4b76-900e-a7274e80312d	Mulldrifter
100	ae1f2ab5-c6a5-4d49-a746-3cb4668bf805	Mycosynth Lattice
101	e9f5feb2-2c1a-46ce-885a-4f378d7d10af	Mystic Gate
102	fb81f95c-70f8-4eb7-8d15-15d0ae23ec03	Mystical Tutor
103	fe8fc442-ed17-40b2-8624-69f2eed3f9be	Nesting Dovehawk
104	f4232466-dd6a-49bf-be6c-95905c3ded17	Ondu Cleric
105	1f438b8f-fe23-4f3b-ab2e-f6c33676c462	Opposition Agent
106	ea5103f5-27e0-4eb1-902c-7f34652d6bf3	Orcish Bowmasters
107	f3e213a4-ba5a-468a-93b3-c0a34e1bd725	Pact of Negation
108	0c7ba712-6a99-4d2f-9242-a2163a11f69c	Padeem, Consul of Innovation
109	180eda7c-fca2-403b-85cd-8ffebaf9f408	Palace Jailer
110	76678885-3674-443d-b9a2-2a460cf6aac0	Panharmonicon
111	b473e293-59e3-4e04-acf2-622604aeb25f	Path of Ancestry
112	d683d985-9888-4d21-8b5f-69e69ce4a03b	Path to Exile
113	bde94af8-faea-41ff-8eed-ba642eac9968	Phantasmal Image
114	340bbe8b-e987-4c3e-ab4e-9dee63e57d4f	Phyrexian Metamorph
115	bc71ebf6-2056-41f7-be35-b2e5c34afa99	Plains
116	ef86989d-ce80-4e55-aece-7d11710eeffa	Polluted Delta
117	5330e24a-8568-446e-840a-594cd08bd1bc	Prairie Stream
118	7d679591-f8ea-4c4c-ab98-7b9e3438cf57	Primaris Eliminator
119	abd62af0-c17d-4f62-af15-9ea83037b990	Privileged Position
120	27a1f42c-0b86-4609-9609-1fa9cab7e7c9	Profane Tutor
121	88929ea9-900f-4dbb-b16c-cf3bad4e410c	Progenitor Mimic
122	6e9ef5ef-6aed-4d3e-a59b-9e3dc8740b1b	Raffine's Tower
123	c7fa1dda-9312-4ec8-82cd-a1ba7bc33497	Raugrin Triome
124	7b459306-149b-4f43-abc1-2dd70c748c0e	Ravenous Chupacabra
125	a044474a-cd72-4e9d-bd8d-a08f2de9cdc0	Reanimate
126	d521a329-a53a-4962-810a-2abed80df260	Recruiter of the Guard
127	a6708b11-1bcd-4208-a967-fe91f2e3313c	Recurring Nightmare
128	67f43ac6-2a58-4b53-b5d7-0330e2a252e2	Reflecting Pool
129	c3fdfb94-2d10-4743-864c-a59fdd57d8b7	Reflections of Littjara
130	c23e5b80-08d2-4e24-9908-fe2aa4f30f6f	Reliquary Tower
131	dfbd3afc-9905-4cff-a4f4-df08a4d0a7fa	Restoration Angel
132	1be13ede-98f8-497e-800c-03e5802932b3	Reveillark
133	53236dd7-845a-444c-96d5-f41ed7325d8f	Rhystic Study
134	444d50dd-a44a-42db-bbf6-d0978e3bd6a3	Riptide Laboratory
135	fb60739e-1dc3-481d-a056-ad72e665c680	Rite of Replication
136	3640c29b-1534-4952-b297-619ade948431	Roaming Throne
137	8ecdaf4b-4442-42da-9714-4257a83faf50	Sakashima of a Thousand Faces
138	703243f0-8cb3-420f-958f-5fd4bde30293	Savannah
139	cb027150-848c-4a66-88ad-e20222304dd8	Scalding Tarn
140	c8d95ca8-7d12-4072-aeaf-e20f248c7e39	Scrubland
141	6eed122b-9760-47fd-8ba2-adeda8054e0d	Sea Gate Loremaster
142	13575cf9-65c1-4861-b21e-eb2155e07766	Sensei's Divining Top
143	97652492-7906-4d79-983c-fa1dc1239eba	Sheoldred // The True Scriptures
144	217062f5-96f1-454c-9507-17f34ef37070	Sheoldred's Edict
145	34f34409-326d-4994-a0ea-1a69aa278f03	Sheoldred, the Apocalypse
146	d90af00a-d322-4265-9954-7b1e80702e18	Skyclave Apparition
147	153376c9-dffd-458c-8ce3-a4c8269bc4e9	Smothering Tithe
148	2bb2eda7-3b38-4c56-870f-c3218a1056f5	Snapcaster Mage
149	6b68acc2-b9d5-495b-8054-c04bae1349f1	Sokka, Tenacious Tactician
150	6ad8011d-3471-4369-9d68-b264cc027487	Sol Ring
151	00c0543c-2a1f-4425-8283-4062d74a1637	Solemn Simulacrum
152	dcb9c2a7-ae54-4ddc-a567-640bf4bf4366	Solitude
153	92019547-f6db-4ea6-8356-d0a90ace5662	Soulherder
154	8dcb35e5-ae44-455f-86e3-4a77d496ff34	Spark Double
155	47a785ed-8095-4685-8daa-02c4e2b0ffcd	Spellseeker
156	68979160-b5ce-4787-8a1e-1f40e614c3b0	Spirit Water Revival
157	cf5f4860-e805-46a3-9352-a2c583e33403	Storm of Saruman
158	b2e950fb-cb7e-40a0-a311-5bbdd0477b29	Sun Titan
159	cd2c90ac-2b04-461c-92f3-939871b6b6a3	Sunken Hollow
160	0230de18-8d15-4cfa-9d42-7ccddd9f9570	Supreme Verdict
161	4f328996-f9dd-4c7a-9548-bc4b9d0d943f	Surgical Metamorph
162	56719f6a-1a6c-4c0a-8d21-18f7d7350b68	Swamp
163	913e6182-706a-4872-8c8a-e146b0ae0738	Sword of Hearth and Home
164	b1544f21-7e98-461b-aed5-e748b0168c52	Swords to Plowshares
165	22e3cf1d-3559-4ce1-954c-8dc815342979	Taiga
166	ae7604bb-4818-45a3-960c-cf3d83f15964	Teferi, Time Raveler
167	f413a83d-a40d-434c-b20a-4c707c0527fa	Temple Garden
168	5c58b8e6-c572-461e-893e-a8c05f20ba17	Temporal Mastery
169	97d61346-bd53-4eb8-a920-6ae0382eb20d	Thief of Blood
170	2993dc7d-723d-4a9b-94bd-4bb02a9f7243	Tishana's Tidebinder
171	ac08fae8-208c-4602-8d39-9bfd29b53a5e	Tower of the Magistrate
172	afaef788-34d1-460b-b884-9d7ae6ddeb18	Toxic Deluge
173	72deedab-7c17-4505-aeca-4bc8596d80a5	Tribute to the World Tree
174	85cf2403-b419-4364-8ac9-67dd1ceddf9e	Tuktuk Scrapper
175	02418479-9455-417f-a6a1-004356faff37	Tundra
176	105aea98-8eb9-4fb2-a0cb-7c7513317c5b	Twining Twins // Swift Spiral
177	a58ee84f-1d9c-4924-b7b1-14a9b2ba3b98	Umara Raptor
178	4b22be3a-8ce1-47d1-b82e-6c3ccfb0548b	Underground Sea
179	4c6a0c30-b547-4eff-8ff4-0ca25803c076	Urza's Saga
180	5b8f0cdf-572d-4025-b930-79291f7c35be	Vanishing Verse
181	244d4807-0802-41bc-9460-55ac38a28a72	Vendilion Clique
182	0f41cefc-d6ff-4db7-ba35-502b7e081de1	Venser, Shaper Savant
183	a8bf8ff8-d924-4fd2-b5ed-05b38f55325a	Venser, the Sojourner
184	63c1ac21-e3d8-40c2-8c09-3f31c52992ef	Vindicate
185	713f16db-95ec-479e-a48c-7a69f7668d7f	Void Rend
186	73b8cf90-3c71-4f8b-a29f-61894b7f27c9	Volrath's Stronghold
187	6557813b-4ee7-4881-a37c-10c8ea097360	Wartime Protestors
188	09a70ae8-3859-4a09-901d-dce063fa3b5f	Wasteland
189	fc9ec820-4245-4a96-b009-5308a818ca58	Watery Grave
190	d5ee2ced-29f4-430f-962e-2f930b92624c	Werefox Bodyguard
191	29737a60-3ebd-40d9-b935-c4f54b90d45d	Windswept Heath
192	36f68aa3-9955-46f1-bc87-497f16ef5222	Wizard Class
193	fdd46004-eaba-4024-8687-39b23dc6a58c	Zagoth Triome
194	8b755881-a72d-4e21-a369-d2924eb4585a	Cultivate
195	1593ea18-2f2f-4ab4-83fb-6ccc0bec8a90	Kodama's Reach
196	8417f2d5-93c9-474a-a143-5c4e17097a88	A.I.M. Labs
197	0eec9984-cd11-4a52-9234-469c6a5fb9aa	Abandoned Campground
198	5a70ccfa-d12d-4e62-a1a4-f05cda2fd442	Abandoned Outpost
199	ca7d093c-0533-493f-9ad3-8af30118fbfc	Abraded Bluffs
200	d06a8026-1657-4404-8dff-64e44f1a14f8	Abstergo Entertainment
201	e3eb6f90-ccfc-41e7-bff6-0b378226bc7e	Abundant Countryside
202	a3da7d5b-2c2b-45fe-b9c5-413b8c8fc0a2	Academy Ruins
203	ed9cc560-f30b-4b60-a094-ccf93ed656a7	Access Tunnel
204	48edc348-93f6-4dce-9cc4-7244d76b6f4a	Accursed Duneyard
205	fcdfe9d5-2743-4d3e-ab57-bf0f96beaa15	Aclazotz, Deepest Betrayal // Temple of the Dead
206	70d35dbd-1d91-4a2a-a643-6870d168f4f5	Adagia, Windswept Bastion
207	d5ad26cc-2bdb-46b7-b8bf-dd099d5fa09b	Adarkar Wastes
208	232bd88c-ecdb-43dd-b34a-d381cb3bedf2	Adventurer's Inn
209	bf29b215-d4f5-4641-97ef-b65d4c463e72	Adventurers' Guildhouse
210	61c89b11-65c9-4fda-bbcd-d84de25df801	Aether Hub
211	562d71b9-1646-474e-9293-55da6947a758	Agadeem's Awakening // Agadeem, the Undercrypt
212	22d0a848-2126-48f0-9050-38daaf93b1d0	Agna Qel'a
213	01ed9139-293d-4477-a145-3c6fe59266c7	Airship Engine Room
214	354fecd1-2371-49e3-81c6-7e47728dbb1f	Akoum Refuge
215	afedce7b-0e18-40ad-a26a-1933fddb560d	Akoum Warrior // Akoum Teeth
216	357ed28b-899f-404b-94ff-6fb2ef81d87b	Alchemist's Refuge
217	9d293b69-12b7-4b50-a0a7-c4f493dee30b	Ally Encampment
218	8c281ebe-d9a1-48af-b58b-19c55aa4625b	Alpine Meadow
219	fe174586-d36b-40f6-babd-1f98e76eec22	Amonkhet Raceway
220	40ae17be-9998-4ee4-9d95-82a08895405f	An-Havva Township
221	7211221d-d4d8-4bbe-9d2a-b82e005bfe8a	Ancient Amphitheater
222	02f16726-f2f6-4943-b71a-93f8e26251d3	Ancient Den
223	2160849a-184f-4a49-8931-fd021e16f7cb	Ancient Spring
224	23467047-6dba-4498-b783-1ebc4f74b8c2	Ancient Tomb
225	0baabe39-72ae-47bd-a095-cbf7eb8a6361	Ancient Ziggurat
226	f3c40943-1d7c-4ea2-b34f-8df8b6775701	Animal Sanctuary
227	30ac68e6-160a-41f9-9f0f-0e0eef383150	Arcane Lighthouse
228	3bb518ff-399b-4ce7-b9ad-a1d563dd7792	Arch of Orazca
229	cf438848-da86-4db6-b3b8-4dd8570be3b8	Archaeological Dig
230	69c63055-ed44-4b32-b591-f3c6c2f3e7d1	Archway Commons
231	bfa20bc7-4626-4a52-87f4-6e2763cb8ed5	Archway of Innovation
232	841f0a1d-6f84-45fb-81cc-f2d99fa9e9a2	Arctic Flats
233	32fb0096-546c-4633-b6e3-ba3f2d9fa49c	Arctic Treeline
234	12326d23-1fb5-4084-a23a-d6e2c90ea36c	Arena
235	63dfe794-5f56-41ec-9883-5523b41cc3e0	Arena of Glory
236	62648946-1708-48f4-ba40-c057563ab11b	Argoth, Sanctum of Nature
237	be2a4bc4-8af6-48c5-9421-32d26272e71a	Arguel's Blood Fast // Temple of Aclazotz
238	3be3d7e6-7860-438a-b8c8-ef154c18c163	Arid Archway
239	e3614df6-ce84-4180-ade1-a1751e8e3c9a	Asgardian Citadel
240	58257464-278e-45fa-8e0b-bcd9a7500bc1	Ash Barrens
241	245469ff-72b6-4846-8a82-a1d29f4d09bb	Auntie's Hovel
242	10fc2009-4212-47c6-8a97-ab0f45c1f91b	Avengers Hangar
243	c5fc8e7c-a87e-4586-a13c-d30e0a3aafbf	Avengers Tower
244	e2c35551-1ba5-4424-baf9-821b49bbcc8c	Avishkar Raceway
245	bce30fd0-ed1e-495d-9149-6a4c81c45c7b	Axgard Armory
246	6ff85e73-bf7a-4a9c-80ef-6ce76656fab7	Aysen Abbey
247	c0cbb347-b060-43ce-a9c5-8c835be3cf1b	Azor's Gateway // Sanctum of the Sun
248	189fc8f4-17ac-4f1d-82c8-8401445bdaf4	Azorius Chancery
249	ad1712d8-809f-410c-8b91-ffe6fb8a69a1	Azorius Guildgate
250	de1ae205-ca5b-4d26-8194-ca85f1406e53	Ba Sing Se
251	259fc423-d078-4668-9e95-8c1a0d2e49ba	Bad River
252	d2075f58-b0e9-4e85-b7e6-0523a27a1d5b	Bala Ged Recovery // Bala Ged Sanctuary
253	8b84fec5-617c-4088-8250-2ba1f1f9479a	Balamb Garden, SeeD Academy // Balamb Garden, Airborne
254	da307ea2-4df7-4d6b-be0f-9dc6ac93db61	Baldur's Gate
255	7647940e-c99c-401c-ad1d-9ec730f66b6f	Balduvian Trading Post
256	cb91e842-9f06-4863-a328-2cabe1bcfe27	Ballroom
257	0a1d817d-dce8-4e83-a380-909f7c9eee46	Bant Panorama
258	88159872-d37d-4847-b048-e4a9af6437bd	Barad-dûr
259	eeb9377b-72c1-4214-9a66-0f55577c17d1	Barbarian Ring
260	59d22de5-e310-44d7-89cf-ef3529e40cef	Barkchannel Pathway // Tidechannel Pathway
261	cc710da0-5a2e-4bc4-8fdd-d90e7bc1f224	Baron, Airship Kingdom
262	326ba371-124c-4949-a048-3a0c8962e567	Barren Moor
263	41fbf835-baee-4530-9155-e2c1b9045567	Base Camp
264	8733a4fc-4068-4af4-9598-dc3d895e8556	Basilisk Gate
265	6b75b94e-83b7-457e-ac41-7ca90b5a59aa	Battlefield Forge
266	71bc69a5-7cec-4abd-b97d-13f8e1f9afac	Baxter Building
267	b76d1ae6-ad1d-4bac-b4c3-2e03e0e84d9b	Bayou
268	54022a10-c9f0-458d-a0ed-228843cd9a40	Bazaar of Baghdad
269	b03de49d-246f-44e2-9487-9e4e43ec7be4	Beyeen Veil // Beyeen Coast
270	dd01ef1f-f6be-498f-82e0-dc04833e685f	Big Apple, 3 a.m.
271	a4fc174e-7fa6-41a8-ae03-255f226840f9	Billiard Room
272	c3172c5d-c745-4422-b651-cd414c8da11b	Birnin Zana Plaza
273	dde6bce5-8bbe-4866-b5aa-2c05c7d37241	Black Dragon Gate
274	34320ebf-da97-44a4-bbeb-a9da06548289	Blackbloom Rogue // Blackbloom Bog
275	5ad94412-6f79-4c5d-bbd4-4ef5779a7b6d	Blackcleave Cliffs
276	393a254f-be31-431a-9341-a51286f8cbce	Blast Zone
277	9c8007ac-4b3d-4444-93e9-f583185e5d81	Blasted Landscape
278	977c2f33-b622-4172-9efb-7f523becd32b	Blazemire Verge
279	47b6d2ae-d3d7-41eb-9172-2076eb8d028d	Bleeding Woods
280	4d722521-0396-48f9-88b2-08b6249f970d	Blighted Cataract
281	b8f3da11-7c8f-4846-98a6-204bfd8d572b	Blighted Fen
282	c2cb0afd-781f-4cfa-b680-ed1edfa81868	Blighted Gorge
283	db16a2fb-dc42-4086-9928-52076043097f	Blighted Steppe
284	02679a2e-303d-412f-87d8-0a37a8ca259c	Blighted Woodland
285	e580a229-e800-4746-9d37-c32fcef8de28	Blightstep Pathway // Searstep Pathway
286	40d45c02-6416-4e19-8fe3-0ddadf5ba627	Blinkmoth Nexus
287	dd3fd7cd-d8a1-48e2-861d-c7c40086dc75	Blinkmoth Well
288	43985bbc-a0f6-4812-984e-392bc8562633	Blood Crypt
289	64e29bfc-9313-4e8c-808c-bc27f6b018a6	Bloodfell Caves
290	c52fc8a1-43c6-41f8-b010-03be7c89ef1d	Bloodsoaked Insight // Sanguine Morass
291	66fa2326-1b5d-41fb-b919-83bf9f383577	Blooming Marsh
292	45429b2c-be3b-4b2e-9bab-a059ccbda8cd	Blossoming Sands
293	bce32541-3bc4-4553-ace2-784a58f164aa	Bog Wreckage
294	727f3201-1cfc-4ab2-9dfe-be4f7251f42f	Boggart Trawler // Boggart Bog
295	6caabc45-4644-4941-a2f3-f04ee7b50a89	Boiling Rock Prison
296	f33ce38a-34ec-4b65-a0fc-160484a02007	Bonders' Enclave
297	20b549e9-26db-40a5-8bcc-e8de6c559d32	Boreal Shelf
298	8fa3ac81-3dfe-4565-be99-5554f7597b4b	Boros Garrison
299	73c423b7-cab8-4e69-8070-9edbf96a6c2c	Boros Guildgate
300	bf1341dd-41a3-49f6-87ec-63170dde4324	Boseiju, Who Endures
301	36937483-30cb-449a-8028-75017a124922	Boseiju, Who Shelters All
302	19e6ebaf-7148-428f-8c79-1e9e57a4e659	Botanical Plaza
303	88f8f683-738e-48f3-afff-c8f73f1033a2	Botanical Sanctum
304	e43413e4-be17-49af-978a-26210d05f52a	Bottomless Vault
305	2eb69a8f-9456-4852-b868-85ae609d3441	Bountiful Landscape
306	761cb262-f83b-4a99-9345-b773182a7671	Bountiful Promenade
307	7a30316b-dcd5-4a4b-b959-eecde7ca92e7	Branch of Vitu-Ghazi
308	7c304547-a4b1-46c9-baed-16d2bfbe16eb	Branchloft Pathway // Boulderloft Pathway
309	af1553eb-4f9f-4335-9078-56649bd8d8fc	Brass's Tunnel-Grinder // Tecutlan, the Searing Rift
310	20283c4a-f1f0-42f0-bc08-6da87474426b	Breeding Pool
311	c792229b-4a0f-48d5-93e5-60bd4cae9c42	Bretagard Stronghold
312	9d581188-ce80-494e-bd38-f411e1f4efb5	Bridgeworks Battle // Tanglespan Bridgeworks
313	9cbc9f83-8979-42a5-a466-a8d89c8e6de8	Bristling Backwoods
314	bd002797-a545-4bee-88bf-b878436e7cca	Brokers Hideout
315	0d3a06d5-5bb9-4733-a55b-9e2c75de6b6e	Brotherhood Headquarters
316	5eb8b497-ec9a-4a89-ad29-1ec3ca82da7c	Brushland
317	8f5902bf-4bc4-4d0c-84ea-a425307a4eb2	Bucolic Ranch
318	3644f316-f9a3-46c9-9b1e-747f86cf4ead	Buried Ruin
319	7358e164-5704-4e78-9b21-6a9bf2a968ce	Cabal Coffers
320	92392467-a22f-4dd7-a0eb-393bef956dc0	Cabal Pit
321	066cd584-773c-4623-be53-8f6feda5a26a	Cabal Stronghold
322	65424bea-fd53-4f85-9757-0b91a6d40ba4	Cabaretti Courtyard
323	8da29533-f389-4bc2-ab9b-b469f893a362	Cactus Preserve
324	2031bc31-81cc-407a-8615-29832f586bbc	Calciform Pools
325	c737d27b-db14-4bd4-8f16-bcbd4401c47b	Caldera Lake
326	dcb7e046-f01b-497c-88e5-57794eb30ce5	Canopy Vista
327	2031b17c-0536-446f-a9aa-b46fe79b7ea7	Canyon Slough
328	2c96ab90-155b-4bf4-acc9-65a2f0cd3189	Capital City
329	4c77767a-8133-43bc-b7a5-09a73259d354	Captivating Cave
330	f1603384-4361-49c9-98aa-7785fc3504c4	Cascade Bluffs
331	d98b4250-3492-4864-9c4c-42db09b3ccd4	Cascading Cataracts
332	f8f4fc60-725d-46d8-8e8f-e68e00d20589	Castle Ardenvale
333	9bd013df-ad75-4099-940b-1765c58faf26	Castle Doom
334	91fbb25b-8521-483f-88b0-77778d25f7fd	Castle Embereth
335	de75e5dd-8a52-406c-b55c-96d686885500	Castle Garenbrig
336	be811e70-aaaa-41f3-bf9e-5d3f9f719b49	Castle Locthwain
337	c7f0251a-9341-4ff2-8b15-31c06eb4f2e7	Castle Sengir
338	cdf41cf4-4e77-453d-be5b-0abbbd358934	Castle Vantress
339	4b9922b9-c5b5-467e-8a5b-1e45e862194d	Cathedral of Serra
340	5ff647e4-730a-498f-8f2c-5bd64d5a9780	Cathedral of War
341	75540897-53f6-433b-bd70-9851551df6ef	Cave of Temptation
342	1e4146d2-cfa0-4f5e-9761-3c83519b90c3	Cave of the Frost Dragon
343	952ab8fe-f7d3-4673-89de-8c6d3f8a081f	Cavernous Maw
344	33de01e9-ce5a-42d4-afcb-343cd54a6d80	Caves of Koilos
345	876ac6f6-74de-4666-84c6-83d81f054723	Celestial Colonnade
346	5cf92fd4-7c0b-4d8e-92f1-53dc2e0476fc	Centaur Garden
347	c733873e-77db-471f-8061-139db24f7e7c	Cephalid Coliseum
348	ed77fdf2-59c0-4310-9b12-80d28beeaeef	Chocobo Camp
349	d473b507-8c33-4118-bc10-b0a268776074	Choked Estuary
350	f155a05f-9f5e-4875-a407-103b85ce30ee	Cinder Barrens
351	dfac0258-e148-4d7d-8ded-fc2466d9caa6	Cinder Glade
352	6f8cc374-e76c-4bfa-bf20-28dea0bfefbe	Cinder Marsh
353	15f1fe23-5af4-4fc4-8cde-2e0bf9f9be0c	Citadel Gate
354	e043a795-6936-4d7e-9a77-e0175a27c8f5	City of Ass
355	043192d8-6077-46c3-b43f-b7caf6762869	City of Shadows
356	f161111d-9747-47b3-bb10-3c8bded32e21	City of Traitors
357	1999b5ac-21fb-4d99-ad72-58bf507f9a59	Cliffgate
358	d7faa3c8-46cf-46b2-bfa4-89000307cf18	Clifftop Retreat
359	283f743f-6e79-49de-b7ed-08e6ffb64cc6	Clive's Hideaway
360	8df14d53-472c-416e-93c6-6c0b7f9b614e	Cloudcrest Lake
361	f705c0eb-9c6c-4315-a860-208ed0c5d93e	Cloudpost
362	0e25faa2-efb0-4ca5-b280-18c38faa860c	Coastal Peak
363	f0367926-4380-4d22-8cb8-46c2076f102a	Coastal Tower
364	7e8c2a18-e404-40ff-a9e0-ec3eeb6d576e	Command Beacon
365	87c8e1ed-258a-4a89-bcc6-211405e49692	Command Bridge
366	b33656ae-3473-4223-845f-f9147f87678b	Commercial District
367	2d899466-b1eb-4901-b626-1f2fb09b786d	Concealed Courtyard
368	37f924e1-7c25-4f06-88bb-054693a21e5a	Conduit Pylons
369	88b18901-50cd-461c-b1bc-be900210be8e	Conqueror's Galleon // Conqueror's Foothold
370	8f88b0bf-81bd-4223-9dad-d8c49ff4b87a	Conservatory
371	c27b771d-b5ec-459a-a101-f078cb8d0184	Contaminated Aquifer
372	28196fd9-00c9-4cd0-b603-0eec8511ec79	Contaminated Landscape
373	b891a683-2ebc-4e9c-b402-5dd9c1b42b69	Contested Cliffs
374	ed73de2b-d7f4-48d9-9be2-aa9d111b7aa7	Contested War Zone
375	a05f641c-15c9-43dc-ae0d-1ea372fd33d5	Copperline Gorge
376	3f347ebf-e0d2-4ae0-ad84-df7a460404e0	Coral Atoll
377	35c60b66-8c85-432e-90fe-99c19d21ed15	Cori Mountain Monastery
378	6276a985-7630-476d-a94f-6c6adc88f6c4	Corrupted Crossroads
379	c5a39f76-dd1b-442c-9f52-08561ecb91ad	Country Roads
380	36d06c91-5080-4f97-8e4c-ca8ac390e808	Cradle of the Accursed
381	727ca426-f4cc-4218-8ae5-8c427af2e816	Cragcrown Pathway // Timbercrown Pathway
382	dfe1a112-97aa-4e81-8431-81552ba2cdcf	Crawling Barrens
383	250cb58b-2924-4dff-92fe-ac0ebbbeb218	Creeping Tar Pit
384	c116b787-5f7e-47ef-a694-58709770dd32	Creosote Heath
385	e9a7dede-3968-4b0e-a707-419d46a6fec9	Crosis's Catacombs
386	b26cfeb0-7bbe-4d93-8eed-e832f175a80c	Crossroads Village
387	ecfbebc9-7fc7-474e-8c59-8ede800e082e	Crucible of the Spirit Dragon
388	7190debf-708b-4f41-9714-0d0a5bd5a74e	Crumbling Necropolis
389	3c1fe86a-3696-4634-bc26-cd45846529ec	Crumbling Vestige
390	4fe8af73-c84a-44bd-9739-ee5c8b027874	Crypt of Agadeem
391	cc78776b-822b-4f11-8982-0805a25a9d36	Crypt of the Eternals
392	b2eb7a64-a307-4a78-a25d-63fb3ae1e237	Cryptic Caves
393	6d6a25fb-0432-4c7d-b0e6-e787ddc71218	Cryptic Spires
394	f15fb0cc-8e96-4f03-94d0-b51410415afd	Crystal Grotto
395	ca68648f-fe3a-4770-9842-a3dc2310f099	Crystal Quarry
396	616d6013-24f4-4999-9bf3-5b0764e52fa6	Crystal Vein
397	483e0c6c-8131-486c-b482-cc3396c9786b	Daily Bugle Building
398	cdc4048a-73ec-4ec1-a179-2b36c397bf1a	Dakmor Salvage
399	33a90122-7280-4481-9b97-5879194cae40	Dalkovan Encampment
400	19b58ec9-bb88-4193-8ea8-c8f09ceec1ed	Darigaaz's Caldera
401	c9b82110-7dfd-4617-9399-9510be449043	Dark Depths
402	40760bfa-a423-487c-ba29-043b2d00c736	Dark Fortress
403	868e6e68-4367-4073-a864-235d5961ae56	Darkbore Pathway // Slitherbore Pathway
404	2065cada-4078-41c4-9e06-2460d2a2e8ee	Darkmoss Bridge
405	a2b48695-f7d7-42ce-a8a0-2a723428542a	Darkslick Shores
406	8dc067bf-f78f-4ac4-b6e7-b305c42cf0bc	Darksteel Citadel
407	4869a530-757f-4364-8d8e-4dc8001f433c	Darkwater Catacombs
408	29f27482-724d-4c15-b177-13337246d007	Daru Encampment
409	f6d24565-5b32-4eff-b2e0-6e2c25516ff0	Deathcap Glade
410	1831fe12-dbe0-437f-8fc8-f01bbb701fe1	Deceptive Landscape
411	93953926-a644-49bb-9b5a-4c8f19114c7e	Demolition Field
412	f451b8f0-1ff5-4e8d-9f30-9352d83ed687	Den of the Bugbear
413	195107ad-879d-4b02-a44a-a3ba70fedf88	Desert
414	311f38a6-f68f-4d30-bc4e-62339f1e0d88	Desert of the Fervent
415	190e664b-9875-4335-af46-353886ed18ff	Desert of the Glorified
416	852d4dc3-404d-4565-99e9-1eac8f6eca5e	Desert of the Indomitable
417	508f9e7e-2ff7-4593-b0a9-0612d7b5d646	Desert of the Mindful
418	2672e0ca-8d5c-449f-8483-35d0e697fbb2	Desert of the True
419	f0ec8681-da50-466b-8cdd-1dc710deccd9	Deserted Beach
420	9f12bf9a-6e1a-4377-b4af-e8cabd3ee58a	Deserted Temple
421	aa6dbdf2-2379-4ff5-8a6c-70258784dc35	Desolate Lighthouse
422	3edf9201-265f-4cd9-b27b-8073bf1a4cf2	Desolate Mire
423	93695c16-c441-492d-af12-b57df9739846	Detection Tower
424	88e29d50-1680-495d-be84-b92b4c9e636f	Diamond City
425	84cef34a-c3e1-4059-b4cd-c481938a53a5	Diamond Valley
426	8683341a-e836-41e5-9034-4da09eb0ab42	Dimension X
427	378a1d57-e2f1-4b84-9692-1564602e9e99	Dimir Aqueduct
428	52d14717-0cbc-4d7e-b546-54ea91580338	Dimir Guildgate
429	0880461e-8943-443b-90e7-ff84eef46550	Dining Room
430	2699005b-a471-429f-a9d8-fbf2077ee2fd	Disciple of Freyalise // Garden of Freyalise
431	865a2194-fca0-446e-aae3-ca475cd66e00	Dismal Backwater
432	38ba1956-5505-4a7a-b6af-e75715b1401f	Dormant Volcano
433	df34a6ad-ae1c-4470-8c9e-49815bba1973	Dowsing Dagger // Lost Vale
434	2f4374f6-c695-4a5d-a6d6-0e41eaa587ca	Dowsing Device // Geode Grotto
435	5be7a4d5-33b7-464b-8851-d4ad35302e62	Dragon-Cursed Halls
436	63398c02-6fb1-481d-9d9f-81063532fbc0	Dragonskull Summit
437	d1f10cca-8dfa-4ea5-b227-4446cd8514a8	Drannith Ruins
438	a9789ce4-69cf-435c-b99a-78a21609830c	Dread Statuary
439	130a8cf5-1354-4d17-91c8-c073642eb3db	Dreadship Reef
440	dd8538e6-cd5f-4a88-aff5-eb5e76ce8ddb	Dreamroot Cascade
441	c6eb2814-0021-4308-ad44-6c8cc59b0d1c	Drifting Meadow
442	d8b57707-796d-4488-8f91-65bb75bc6281	Dromar's Cavern
443	44b83535-fdbf-4307-bf53-ca20470a768d	Drossforge Bridge
444	db19a27a-ee22-4931-ae3c-0ce21f456ea6	Drowner of Truth // Drowned Jungle
445	c30f9be4-c274-4ad0-b5d7-7d3421aa4277	Drownyard Temple
446	e996cd67-739c-40f4-b276-0042acf26c71	Dryad Arbor
447	c761f71c-785c-4533-a2b7-2da3667688b8	Dunes of the Dead
448	f086a63c-0c62-4674-bd27-82e7aed12b1a	Dungeon Descent
449	67b2cd0c-ecc8-4129-b1ac-820c9924190c	Duskmantle, House of Shadow
450	d3df7128-31dd-4d71-90be-87e2e9ff51b4	Dust Bowl
451	4a6625bd-3dd2-45f1-8dc9-034c833fa90c	Dwarven Hold
452	74ed0bd3-ac31-41a4-8220-d8e7c8c1c437	Dwarven Mine
453	cbef6ad5-717f-4b02-9c62-e5deba407ad1	Dwarven Ruins
454	4d4b9512-d29d-4b99-9249-d37e1199a1f5	Ebon Stronghold
455	2ef88214-f46d-473e-a55b-795a647e2f03	Echoing Deeps
456	5715ed43-395c-4877-99a7-8e28e7bf9dce	Eclipsed Realms
457	6216635f-8e6e-40a3-9659-ef6352ab92ce	Eclipsed Steppe
458	84856b92-5ce8-47f3-9a1c-78d6a3e26aca	Eden, Seat of the Sanctum
459	4dfd33e8-7e30-493b-8564-f7df5f0257aa	Edgewall Inn
460	895a0e00-20a9-44f8-9215-66edcdf016b7	Eiganjo Castle
461	7edb3d15-4f70-4ebe-8c5e-caf6a225076d	Eiganjo, Seat of the Empire
462	7fab8d65-af51-47d3-8f10-2676bf6e8ba3	Eldrazi Temple
463	9ea747cf-5d04-4aa7-bdc3-8145860cd1ba	Elegant Parlor
464	8ada7388-fd8b-434c-a17a-bce19cf3e615	Elephant Graveyard
465	cade8b94-2998-4d23-87bb-9fbdddd19dea	Elfhame Palace
466	97a2cd39-6b54-496b-b3ac-dab9dfed7edc	Elven Passage
467	a91e0154-14a9-4681-8236-04db231592a4	Elvenking's Halls
468	7536eb66-959d-4dca-9b75-895572ef733c	Emergence Zone
469	6ec2a242-9068-4ee2-8ac8-8341cc570f56	Emeria's Call // Emeria, Shattered Skyclave
470	cc999cf2-c99b-4911-8c52-6cc4a99fcc7b	Emeria, the Sky Ruin
471	43144f06-079b-4515-a03a-01ea3e90d586	Encroaching Wastes
472	c4033d97-769f-4811-8b11-f85b8817b7a2	Endless Sands
473	852c6520-d148-4923-a312-05a9af821f24	Eroded Canyon
474	0056fc91-4398-471c-b561-7ff99750ac8a	Escape Tunnel
475	6b9cd3d0-4316-4945-b960-12f51052d260	Esper Panorama
476	6ccca5c2-66c3-495a-8d9e-1a9805569e52	Etched Cornfield
477	5b6d933e-2830-4f5a-b244-a421aa9615dc	Eumidian Hatchery
478	83161d59-2520-4741-9328-e2a4a8b5d5bc	Evendo, Waking Haven
479	ef3b8b0c-cea7-4bae-934c-9c65fd64245d	Everglades
480	a75445d3-1303-4bb5-89ad-26ea93fecd48	Evolving Wilds
481	10d13ff6-c4d0-4753-8939-a8a90f0e92bb	Eye of Ugin
482	0c85b8f7-0bd0-4680-9ec5-d4b110460a54	Fabled Passage
483	f74107d5-fb4a-464b-9251-42b84d91775d	Faceless Haven
484	0c25f6b1-8fb3-4406-9605-0282d2dbbcec	Faerie Conclave
485	053a69d8-2b5e-4f14-8b02-ca405891dc4a	Fell the Profane // Fell Mire
486	62c15af0-40e1-407d-b056-7a3d909e3fdb	Ferrous Lake
487	7ba580c9-f933-43d9-b03d-a349faa6c641	Fertile Thicket
488	9d3b60af-3e38-4d36-95fc-11b31c38f955	Festering Gulch
489	bdb9b2ce-342c-4935-8943-d0c3971b1e38	Festering Thicket
490	32b03b48-06da-4a74-a7ac-e5ae39a4f428	Fetid Pools
491	f825c98f-a327-440b-8c0d-ebe02e23bfb7	Field of Ruin
492	aa959340-c869-4caa-92c7-572bd8d23eef	Field of the Dead
493	a32e08fa-bea4-4ba9-a126-9bf0a91f67e2	Fields of Strife
494	026f4a4b-eedd-44e1-9d37-ca4fb8d6db98	Fiery Islet
495	f2000fb8-39c6-4ad6-a020-5245faaa1eba	Fire Nation Palace
496	d99a1d9a-7721-4331-bf22-1c6ee0bd825a	Fire-Lit Thicket
497	5554db95-9676-4c24-b82a-8173513d7927	Fisk Tower
498	f73979bb-91a5-4388-b70b-0cd7a4e14291	Flagstones of Trokair
499	34a1eb04-08f6-49d8-a1d1-b987a76bd8b1	Flamekin Village
500	9043d8d5-b38a-406f-a44c-49f579c644f0	Flood Plain
501	dc974eb4-72b9-4213-887b-8ee684b93420	Flooded Grove
502	f1e9abfb-c3c8-483e-b446-5c2afc9f6394	Floodfarm Verge
503	b56bb8cb-457e-4b85-9bf9-5e891e79f1dd	Foggy Bottom Swamp
504	850bb6f7-48d3-4d65-9220-b0bec5ee6b64	Fogwell's Gym
505	622a53bd-d894-422c-a606-7126041afa02	Fomori Vault
506	063dd25b-d4b4-4e09-acae-8c52dcb40803	Foot Headquarters
507	cfd60d1f-9832-4408-b84e-0fd3018b015b	Forbidden Orchard
508	cabf7953-0fac-4dbb-b3ae-05e85e02b3fc	Forbidding Watchtower
509	bcfe1653-e602-4d38-abe7-bfcc7f203f9d	Foreboding Landscape
510	5c87e2fa-77f1-4978-b25f-f14d227301d1	Foreboding Ruins
511	77807103-bcd5-479f-bedd-f5d97aa6d3d2	Forge of Heroes
512	394c6de5-7957-4a0b-a6b9-ee0c707cd022	Forgotten Cave
513	71393988-ad6f-43fd-9978-c0de15ae8e87	Forgotten Monument
514	ebb3e2ff-2214-4e11-88fb-e0fa84288cf1	Forlorn Flats
515	6bb00a28-8b5a-4049-93b7-3db02de88aeb	Forsaken City
516	c70598e1-30c6-4f92-a265-34a7a73bc2b8	Forsaken Crossroads
517	941b0dd1-0df2-48ee-8829-615e9c3177a7	Forsaken Sanctuary
518	387fe395-e4a0-4fb2-8d6c-88a1a21d2ed8	Fortified Beachhead
519	56f1a16a-9f41-41fb-b580-c200bca27cd6	Fortified Village
520	349ea6c7-6b3e-417f-b082-b712e2b1635b	Forum of Amity
521	ad6a2776-801f-4743-8268-6d654122171e	Foul Orchard
522	d4e4c8a5-e97b-4295-a403-d17834f73502	Foul Roads
523	0498ea14-53d9-4655-a616-0ff3cf73de4e	Foundry of the Consuls
524	0799df10-b489-4f79-bf98-7a0c500b46a1	Fountain of Cho
525	94e8b0a9-44a1-4dce-8d44-78681ae638a1	Fountainport
526	e4cf6c2f-0f1e-4980-9ef9-e4eabcae42a9	Frontier Bivouac
527	75a49bce-ab48-44d6-906d-6f51a30702ba	Frost Marsh
528	7137aae6-260d-41de-8b4e-42a8cf752697	Frostboil Snarl
529	ae4a18ec-70a3-4d21-b9e5-b13ab4901600	Frostwalk Bastion
530	6f18ea44-3efa-4a45-abc6-86a0627e40f2	Fungal Reaches
531	651dea9c-2375-4e44-8e65-ba8e40f0c0ef	Furycalm Snarl
532	7c427c3d-ecd8-45ef-bebd-8f10f4a311db	Gaea's Cradle
533	26e4b49e-77e7-41d9-94c5-924669a82591	Gallifrey Council Chamber
534	00de57d2-7cb6-4337-9bc6-f6711e4dfabf	Game Trail
535	963f2848-15bd-441b-a55c-635f53b7b63f	Gargoyle Castle
536	6f85c26e-3c87-4112-ad1a-8a5708555a93	Gates of Istfell
537	a6543f71-0326-4e1f-b58f-9ce325d5d036	Gateway Plaza
538	36b58705-c5a5-4547-8d8b-a7c35e1f69ae	Gathering Place
539	8a44e4e7-dfa2-427b-bbff-11c398fa60bb	Gavony Township
540	7b9fafe7-d26a-4ed5-b4c4-ce13763770b5	Geier Reach Sanitarium
541	c0adbddc-b070-4c5f-afe0-0474c72a9251	Gemstone Caverns
542	0c828f10-4775-492f-9224-1e2814ad2cad	Gemstone Mine
543	e3b67368-1dd6-419b-a95d-7131b1dba23f	Geothermal Bog
544	83f9d84a-a011-4fa9-a3a4-51eb39159c54	Geothermal Crevice
545	9cc02c16-8cf9-4ac7-9475-231c27121968	Ghitu Encampment
546	2ec4288e-34c6-4831-a2c0-ba1ca1d9d1dc	Ghost Quarter
547	f2c861d3-b302-4e84-b647-099551007269	Ghost Town
548	85573a3d-2993-491a-8f8d-bbdb844fa84e	Gilt-Leaf Palace
549	fa98c367-0312-49c6-abef-72e5ead4cc7d	Gingerbread Cabin
550	73e7a2ad-d11c-4867-b97d-f971809da778	Glacial Chasm
551	5d3563dd-a2c1-463c-a0ed-5ac22388bdbe	Glacial Floodplain
552	3a3e8c9b-e458-4661-980d-0a84a4c2452b	Glasswing Grace // Age-Graced Chapel
553	7785ffd4-f169-475d-9558-ce4877b3378a	Gleaming Bastion
554	92c9aad6-35ec-425d-be7d-393328992820	Glimmerpost
555	b92e9854-4527-4133-8615-e282a213e7e3	Glimmervoid
556	23732d20-aba6-46cc-89d0-0542629bc6b5	Glittering Massif
557	d71bda4c-3dee-4398-8fd0-f77d8743b887	Gloomlake Verge
558	2e413d18-2c55-49be-9e49-54d170c978a2	Gnottvold Slumbermound
559	ad65bb8e-57de-49f3-ba7c-be62cf3fe3df	Goblin Burrows
560	98d20908-6d68-4d31-b719-207f93c9b402	Goblin-town
561	a66008c9-1ede-4dcf-8d35-6c0ed2390996	Gods' Eye, Gate to the Reikai
562	13fbd525-c9ee-4bd6-b269-94fb264024b6	Gohn, Town of Ruin
563	58afb897-4d57-4b53-a5c3-b532cb3d5180	Golden Guardian // Gold-Forge Garrison
564	c9b7ea9c-3bcb-4538-aa25-cdb82a52037e	Goldmire Bridge
565	fa2da325-6859-45bb-b185-35526b01bcc1	Golgari Guildgate
566	1b301478-b14f-4ef8-94e6-9647d582eabe	Golgari Rot Farm
567	4306938b-c0db-4e63-a4fb-61628e5ff41f	Gond Gate
568	ac4e1818-4873-4143-9b99-46f205d006d9	Gongaga, Reactor Town
569	1cea9b82-d2e9-4758-8ec8-729fcf4bb7d7	Grand Coliseum
570	47d16c11-3033-44f3-9a12-2daf3453cc5b	Grasping Dunes
571	522a4b02-24c7-45d2-9097-2803cc9fffad	Grasping Shadows // Shadows' Lair
572	e80bd454-8bc5-4921-90cf-6ad28a27a88b	Grasslands
573	5004b84a-33b7-4f6f-b2c2-7086b9087535	Graven Cairns
574	60b36821-0fad-423c-98c4-f64d991719f3	Graypelt Refuge
575	f40f374b-acaf-459d-9ccd-b0b22d1a3f28	Great Arashin City
576	f4819061-b0b5-48ab-af7b-6525c3d2eab7	Great Furnace
577	75d8ef26-b745-448b-94b9-3c64668ce171	Great Hall of Starnheim
578	a8c70dab-1e27-4a9c-bd2d-910d5720d02d	Great Hall of the Biblioplex
579	b3e28bcf-0ed0-4406-b615-68ddc55b349a	Great Hall of the Citadel
580	ba642c8b-9ade-4501-8393-672fd53d4955	Griffin Canyon
581	5effaa94-7f87-4485-8959-473d584c5034	Grim Backwoods
582	743f4488-fef1-4f4d-b745-d2de92423e00	Grixis Panorama
583	d33c3fbb-8306-4c2d-b0dd-88f12639da94	Grove of the Burnwillows
584	f746612a-fbed-44ca-b2cc-5928e10cf4bb	Grove of the Guardian
585	ea9c459a-6047-43aa-968f-a582be4000e8	Growing Rites of Itlimoc // Itlimoc, Cradle of the Sun
586	d38476e9-2e47-4c0c-8129-483c0bd09ec0	Gruul Guildgate
587	657243dd-e479-4f4b-99d2-09b55d833a35	Gruul Turf
588	849c97e4-df15-4ecb-bdf8-283bb497d90c	Guadosalam, Farplane Gateway
589	ee723c7c-ec9f-4ffb-8f36-cd7637eb1fae	Guildless Commons
590	ace6403d-9fac-4d0f-a6ea-eb2ff3da259d	Guildmages' Forum
591	cfb1a656-0bf1-484d-b099-33087914250b	HELIOS One
592	93b91d18-6acf-42e5-9a31-bc6e01f90c1f	Hadana's Climb // Winged Temple of Orazca
593	37783ce6-af58-4ef6-8ab4-587079970307	Hagra Mauling // Hagra Broodpit
594	42d121a2-5266-483a-ab16-e0a8073cd6a3	Halimar Depths
595	949e455d-6a9e-491a-892f-826cc8be0fd9	Hall
596	2fc070dc-f2f7-4648-8069-31d74790a39c	Hall of Heliod's Generosity
597	0bb896ba-e15e-43a9-9120-e674d7ba003c	Hall of Oracles
598	087c8c0e-a91c-4e3c-8387-9312db01f343	Hall of Storm Giants
599	fd809587-773c-47ec-8676-cefef6d1e38f	Hall of Tagsin
600	32fe7ac4-86f5-44af-9f73-ee8f6a9ce2ba	Hall of the Bandit Lord
601	57d7deaf-ee08-49ab-b239-1c77a1f65225	Halls of Mist
602	c7476beb-7923-4994-8476-bc69187ecb72	Hammerheim
603	0e735ba6-7fd1-4d12-b20c-21525dc1e2b5	Hanweir Battlements
604	eab70fff-6a9f-4f9f-89a2-b6910c199e46	Hashep Oasis
605	7c6143f3-ad2c-4d7f-9041-aa59f01d8fb7	Haunted Fengraf
606	b0b58a03-462c-4964-97c7-42bc777ec23e	Haunted Mire
607	e2a37967-4212-4553-9f77-bcb613405807	Haunted Ridge
608	acc9c16a-5e72-43bd-87e1-56a16aa892f5	Haven of the Spirit Dragon
609	e71ac446-02a4-4468-8d29-f28b21617665	Havengul Laboratory // Havengul Mystery
610	18cbb47a-85b1-48f6-a024-8c3bbffa0d87	Havenwood Battleground
611	35922a30-6b84-44dd-a2f0-306554a1ae90	Heap Gate
612	6c9a854c-0509-4ed4-9d94-c45b823b65e5	Heart of Yavimaya
613	ca4b6689-04ee-4227-9bdc-cb5a9590c745	Hedge Maze
614	1337d89e-a883-4568-a14f-9ca3305cc3df	Hell's Kitchen
615	c238ef51-4b46-43d5-a70b-40270a96a1fd	Hellion Crucible
616	829474df-6413-4323-aef6-f878cb0e797c	Henge of Ramos
617	26259c65-8f4e-42a6-b8a7-f65c36d35c4d	Hickory Woodlot
618	927979d7-9b5c-4448-aef0-baf2907a89f1	Hidden Cataract
619	e19d5071-4ea1-4883-b067-a21e553f96e0	Hidden Courtyard
620	382d18a2-438e-4ae7-a83f-1658ef1f9b07	Hidden Grotto
621	b639e1fe-d099-4cab-a0d0-a1b33c7f31dd	Hidden Hideout
622	7069d241-4e66-40bf-afd1-551a4a5457f0	Hidden Lair
623	f780ee53-62b0-4c32-b5b7-047651f48e5f	Hidden Necropolis
624	1a26e2d6-6bfc-4cdc-9bd6-8b37a9be2961	Hidden Nursery
625	a1c7cd7a-0795-4135-b787-effeb981d95b	Hidden Volcano
626	86fb3749-37d6-48a6-8524-71e996850307	High Market
627	35137378-6754-4bb1-a38e-5940890ccab1	Highland Forest
628	c643365a-4255-4d23-adb9-0f8b456f0838	Highland Lake
629	66d845a2-be4c-41bb-a357-3650461c03ed	Highland Weald
630	fb5a3403-7f0b-406c-8c4f-d693be010ca6	Hinterland Harbor
631	7fff5224-c002-4a32-86fe-9a4b18d78b50	Hissing Quagmire
632	d17163d4-dd43-4de6-b7cf-576448160b7f	Hive of the Eye Tyrant
633	17492186-9814-4c41-8111-1f000a96c212	Hobbit Hole
634	e6b77545-de5c-4f4a-b7ea-83498fb33ba8	Holdout Settlement
635	3348df85-e61c-47b5-857d-c79befb38a8a	Hollow Trees
636	262a5d83-506c-4781-9bc9-1a2b5d83955c	Horizon Canopy
637	59a82f57-fe2f-4834-a4ee-4b948eef1e12	Horizon of Progress
638	41459587-7509-404e-bd7d-fb8831dee789	Hostile Desert
639	1b340f71-502f-48e9-85ed-9af62f356115	Hostile Hostel // Creeping Inn
640	463fc699-f4fc-4112-a6b3-6dcb642203e6	Howltooth Hollow
641	cce328b9-6100-417e-9ddf-808bbe3e3bc5	Hushwood Verge
642	573151f0-00d4-4a8a-8a09-745c5f376532	Hydroelectric Specimen // Hydroelectric Laboratory
643	87a0e0b9-6c2d-47a4-a3ed-7e0ae62fbffc	Icatian Store
644	cfaaead2-09e8-47cb-9e39-8570b8d8de86	Ice Floe
645	40c5d6fe-854a-436d-9f80-13eb5f1f8f68	Ice Tunnel
646	0aea7e5d-40d7-46c7-a8a6-479cb8061e49	Idyllic Beachfront
647	23d349a0-e441-40b8-b634-13e61440a7c8	Idyllic Grange
648	af698bd5-5f56-4d2a-9f02-8c3e781210cd	Ifnir Deadlands
649	01ee70d4-6527-45ae-9600-bd3d16b3037d	Illegitimate Business
650	354a7376-fb4b-424d-8964-93727302dccb	Immersturm Skullcairn
651	675281ff-b81f-4e5e-9f85-9f8cd202b50b	Inkmoth Nexus
652	b7140f72-91b6-4be4-8d71-c019e64c2351	Insomnia, Crown City
653	3f17c60e-923a-4392-9da8-87d9ded009b7	Inspiring Vantage
654	073169f2-da3a-4a93-8c01-b3fd8558d225	Interplanar Beacon
655	91d4a5fe-fd6d-4b14-a63f-61b4d0ecd9c4	Inventors' Fair
656	c17d799f-adc9-4c41-87cf-b243b5ea3be1	Ipnu Rivulet
657	a71e8d07-1a49-47a0-834e-de87d750a200	Iron Hills
658	406eabe2-df62-49e2-bb39-c0227509d875	Irrigated Farmland
659	e0c3c87b-83e3-4cff-b05f-78a192e2bba4	Irrigation Ditch
660	4f4358cb-59df-46d9-be27-69929f5a615c	Ishgard, the Holy See // Faith & Grief
661	d427e61d-5b30-4d2a-bad2-2e7f016036ca	Island of Wak-Wak
662	3893f320-47fd-49ec-a78c-80bfb607a279	Isolated Watchtower
663	1cb9d94a-3039-4f2e-8fcc-6996f9a45f74	Izzet Boilerworks
664	bf75a3d1-f184-4b48-a913-21caee1db084	Izzet Guildgate
665	64ee02f1-afdb-474b-a893-31538ad7219a	Jagged Barrens
666	f5896356-5744-4f7e-a4e5-1cc36dde5958	Jetmir's Garden
667	bd513d9d-5aa2-4860-bd86-8b5d9430f133	Jidoor, Aristocratic Capital // Overture
668	7d6ccd0b-df16-40b2-930b-bcde0b6ef73f	Journey to Eternity // Atzal, Cave of Eternity
669	f39f33ac-074d-442d-ae4c-1d694ee315f3	Jund Panorama
670	f922f90a-b1a2-4630-9266-40726ca89f74	Jungle Basin
671	6de714e1-446d-4fb9-9e3d-bcd3ec6af9ca	Jungle Hollow
672	2e69537c-c898-4e13-a72d-ce3957a90304	Jungle Shrine
673	c470a802-931f-4b63-92fd-ef9cf2e796dd	Junktown
674	8b96f837-7c32-473a-b5ae-1d66527eaf7b	Jwar Isle Refuge
675	941a4b14-ea2a-4bd0-8cc2-d609f80df32c	Jwari Disruption // Jwari Ruins
676	b3dbb16f-fa8f-4406-bcf3-e647e4337619	Kabira Crossroads
677	0bb73c07-0220-4ba9-8d85-3c357c223833	Kabira Takedown // Kabira Plateau
678	9fb8cd81-403a-4988-8f1c-b8eccf8abd9c	Karn's Bastion
679	d4e875d9-2245-470d-aa2f-1dfe66ce2d15	Karoo
680	bd912666-f37f-4767-af6f-9e6d0fcccacf	Karplusan Forest
681	4fa826ca-d361-4391-ad0d-989ebcfa4a91	Kavaron, Memorial World
682	2ac1c95c-2a9d-40bc-9cad-9cadfa3f19f7	Kazandu Mammoth // Kazandu Valley
683	03332772-18b0-446a-a7e2-a4bdf38c4f0c	Kazandu Refuge
684	f8410804-632b-4f18-9a73-6dccc7e4582d	Kazuul's Fury // Kazuul's Cliffs
685	ec0ea7f7-52ce-40d1-b34c-e36dd4b26120	Keldon Megaliths
686	ea4d6fcd-21e0-4e9f-b406-a89042998d98	Keldon Necropolis
687	c6911265-54ef-4c16-bcf2-1ffb24b7d426	Kessig Wolf Run
688	6bae00e8-06cf-4ac4-a1cc-757e454109fe	Ketria Triome
689	37a55560-6e32-4f54-b9a8-fd157aea6eb5	Khalni Ambush // Khalni Territory
690	b2d5ba45-8674-4428-89db-c2bbbf0bf5c5	Khalni Garden
691	79638767-fbc7-451a-b29f-d93f2ac6f102	Kher Keep
692	4eb428ab-f5b0-46ca-98dd-b3466a91ef97	Kishla Village
693	47f71408-5509-4651-9121-fd0867adae00	Kitchen
694	8b370db5-dfb9-4ea0-9017-bae3e767b041	Kjeldoran Outpost
695	184c5a0d-7654-4421-86e4-7f04bcf49494	Koskun Keep
696	d9a10971-f32b-4978-952d-fed0a5bc9e36	Krosan Verge
697	da81b78b-89fd-4fc1-9395-b5b01b96be70	Kyoshi Village
698	9ec5a487-d8ed-459a-8f58-56f6e9a2dfe8	Labyrinth of Skophos
699	126e9140-2c05-4c00-8b01-5653456c736a	Lair of the Hydra
700	bdf476e5-1d57-4b17-b45b-d52fd75aadeb	Lake of the Dead
701	717c6beb-81c6-43ed-aab0-aedfc1cbac33	Lake-town
702	c56cd2ec-5907-4282-9162-d93b7dfd63b5	Lakeside Shack
703	bfec4d0a-3792-4bc3-bae1-e639da5bb9a6	Land Cap
704	73a39a1b-2fb7-4328-8718-18569ae28e9e	Lantern-Lit Graveyard
705	2ffb2647-60bb-4916-b919-cbcf18e5e424	Lava Tubes
706	340de307-982a-4b26-9dc0-99113dc766cd	Lavaclaw Reaches
707	0d2fa39a-9cac-4a1f-bb1e-b6162e6d5169	Lazotep Quarry
708	d83c86c1-126d-49e9-9b13-9e55784c49c5	Leechridden Swamp
709	ad225ec2-ff3a-48f6-81a7-dfdd1b75e1f7	Legion Leadership // Legion Stronghold
710	f7d8b91b-6541-4d3e-af51-7e000eac69c1	Legion's Landing // Adanto, the First Fort
711	33a7d29a-ebc0-4606-91b6-7381e2a16016	Library
712	2111588d-9af5-4a33-989e-b074d83f0463	Library of Alexandria
713	5bb06e6f-e3af-4caa-b66d-77248ad46b61	Lilypad Village
714	4cc014f3-05e0-442e-9dee-03eab1aa65a3	Lindblum, Industrial Regency // Mage Siege
715	3b577179-10d0-43f1-ac17-9dd2d12c965d	Littjara Mirrorlake
716	92acb789-0e42-465c-ac16-40fefec48805	Llanowar Reborn
717	32116127-cf96-4a1b-8896-a1ebc087b597	Llanowar Wastes
718	36508a8a-d1a4-400e-bfda-09436bc4d5d4	Lonely Arroyo
719	765863c8-1be0-4bb1-9e9c-db7701cffde3	Lonely Sandbar
720	7d09b136-525f-49dd-a3a2-dfaca4e8e9a8	Looming Spires
721	45773715-3f46-4671-b633-bf087e892e26	Lorehold Campus
722	4b17048f-8c7f-4e29-8f56-16db4c2106e6	Los Diablos Missile Base
723	134d5b82-7940-4b33-a922-7f9d1f403e50	Lotus Field
724	01fc5bb3-ebd7-4ab4-8aef-2ece1e1d9b7c	Lotus Vale
725	98a22879-d0b2-441f-bcf6-a67b4552b73c	Lounge
726	c2878f4e-3044-4d60-8ec1-b325edfca397	Lumbering Falls
727	b6c7c708-5212-4100-b954-b77855b27915	Lupinflower Village
728	b6a965eb-cffb-41c1-925a-7cf3e8e2f248	Lush Oasis
729	d51831b1-7394-456e-a1de-6787a59f5932	Lush Portico
730	819e1765-8325-4e6f-89c1-63ea86de369f	Luxury Suite
731	0ee0b090-3f1e-49d6-bcad-91e0cf1d12ae	Madblind Mountain
732	49e9fba7-8465-4bbb-95db-73a7e149f494	Maelstrom of the Spirit Dragon
733	9464ddf2-4bcb-44f6-b945-89a132544de6	Maestros Theater
734	136596a0-b179-40be-b42d-c0b992621c95	Mage-Ring Network
735	4bdffa67-e6b3-4588-b76e-c11db6f043ca	Magosi, the Waterveil
736	342e08f9-d4d0-4408-8621-66e087058616	Makindi Stampede // Makindi Mesas
737	a731e87b-8d99-4b64-8ee3-8e540d652366	Malakir Rebirth // Malakir Mire
738	d0ee5bdc-2b69-4b73-9a20-ffcc18783b29	Mana Confluence
739	dd6e67c0-66a1-49b7-8a86-3cf4b209fd07	Manor Gate
740	f1e03d99-024a-430b-9342-ffd2268bd103	Mariposa Military Base
741	16182e01-22ff-4786-985d-919b47c4aa4d	Matzalantli, the Great Door // The Core
742	b7b51ab1-403e-4640-8827-b04965aa6760	Maze of Shadows
743	49479778-c4c0-43ba-a7b7-45f00d067462	Maze's End
744	2d9663be-c466-4191-85e2-a69ce0965432	Meandering River
745	abc04775-171d-41f3-83ea-4b4eb72723d5	Mech Hangar
746	66208129-20fb-4cb4-8f00-8d4574c9c653	Meditation Pools
747	2bc38f14-0314-4351-8138-e2b8bf041404	Memorial to Folly
748	81763d7d-3897-4be9-bbf6-f6f5dee366ff	Memorial to Genius
749	eb8ec34c-ae07-4a09-940f-ee965146a787	Memorial to Glory
750	a74494ef-aa35-4830-9b4c-47bff5270efc	Memorial to Unity
751	f98db69c-b330-4560-ac53-10857674466b	Memorial to War
752	b02ab3c7-fe4a-443c-b860-ba971d3301b0	Mercadian Bazaar
753	ebddf68c-1b22-4313-83e1-13a5c1aec19e	Meteor Crater
754	ccfb8b4d-651c-418a-aa19-cb23105b3f2f	Meticulous Archive
755	4e34a49d-f031-48ac-a458-97b79124b76c	Midgar, City of Mako // Reactor Raid
756	a4580a1d-141e-449b-9018-e0258130634b	Mikokoro, Center of the Sea
757	17784f90-89a1-47a5-83ef-ae60dfc30bd1	Minamo, School at Water's Edge
758	867dbd5a-c3cf-41ce-980b-c9babc6f30f2	Minas Morgul, Dark Fortress
759	7b0d7e62-0287-454a-8702-b0bfa7b41245	Minas Tirith
760	583cdebe-0195-45be-bd2e-5765f07cb902	Mines of Moria
761	e103f422-85c0-43f8-8a2f-8b7863e503fa	Mirage Mesa
762	03fe19bb-8e22-4030-8299-2ddd2d5a7eb2	Miren, the Moaning Well
763	cd49aa99-bf84-4edd-aecc-6dae78b73412	Mirkwood
764	5502741a-e3b9-454e-8121-4360a6db6750	Mirrex
765	ea53adbe-3f9a-4847-87c7-723ac2789918	Mirrodin's Core
766	57b86d5c-3269-44bc-a838-3c5439d820d9	Mirrorpool
767	5963e0ef-e0bc-4611-ad4f-813a4c0eacfb	Mishra's Factory
768	b43e9772-6ad4-49c7-9557-b18ee1e4587d	Mishra's Foundry
769	ba284fe6-bb29-455c-8321-9714a0cdc05e	Mishra's Workshop
770	339f5334-b65a-445a-a016-20e997e0b4bb	Mistrise Village
771	33ee23bc-6327-4a54-a704-dfd83be36bb5	Mistvault Bridge
772	bb5c1817-ac22-4779-9005-251bc354f181	Mistveil Plains
773	dfd2c57a-4557-4df1-8f6f-da2cbd317f12	Misty Palms Oasis
774	eb2094cf-b4be-4f52-8615-e179ef7c741d	Mobilized District
775	1745fd57-467c-45f9-a46e-b9a2af87ec87	Mogg Hollows
776	33587cb2-0fd3-4e4c-bc5e-e7299cc9dab5	Molten Slagheap
777	58c592ed-20fc-481b-909b-2315567e5f20	Molten Tributary
778	c48df45c-3513-4d56-aed6-30c2f3a759cd	Monumental Henge
779	cf620c66-7db1-4db8-ae56-ee4bc2f77d74	Moonring Island
780	5324192b-6687-41e4-8e56-326b21a5dbf3	Moorland Haunt
781	bd004c9d-771e-4e63-a97d-a2259c096af8	Morphic Pool
782	1b3fb20a-e090-4286-9c03-6b71c27c45be	Mortuary Mire
783	23bbd091-f6ff-4514-97aa-42c08164b4eb	Mossfire Valley
784	7cb9e29f-835f-4155-a2a5-4b778866c773	Mosswort Bridge
785	995c8dac-fd27-468a-abd4-02372cf0c850	Mount Doom
786	a3fb7228-e76b-4e96-a40e-20b5fed75685	Mountain
787	af147bb6-aa46-4fc9-af96-de3740c19fd5	Mountain Stronghold
788	0b7393aa-d563-45bc-9946-8e7d1729d498	Mountain Valley
789	7c05d239-39fc-4d34-a853-e3d591f4a235	Mouth of Ronom
790	aeeab1df-0b8b-4bc4-a5f9-aac413449bec	Mudflat Village
791	17770eeb-ecbf-4510-af2d-acececfbe146	Multiversal Passage
792	b5fa5651-d714-44d6-867b-be0e3224b7ed	Muraganda Raceway
793	c2cdefeb-3176-4faf-be54-a62d31f777a5	Murky Sewer
794	42b9d383-3fe2-4fc8-ab86-f80a288d502b	Murmuring Bosk
795	f6059731-2e10-4f72-a214-b257f1677e9e	Mutant Town
796	6b3cc59a-7ea5-4eb5-9bf9-5a9c07f80e2b	Mutavault
797	2549bc57-9ffb-4053-9f10-f2a5f792b845	Myriad Landscape
798	834b8f71-9a45-42ae-9e99-e749fa6fb45e	Mystic Monastery
799	17b60106-a4c7-410a-8ac3-ec8e74e29a7c	Mystic Sanctuary
800	58bd67a8-1833-4827-aa33-1c141568f481	Mystifying Maze
801	c6de0ee9-785d-4cd8-8a7f-5bb715763131	Nantuko Monastery
802	71e28800-c42c-48c0-95e5-0296be54a4e8	Naya Panorama
803	19d34126-8266-4da1-b7ef-67ecfa2dbbee	Nearby Planet
804	761ee6f9-b0fa-43c9-8d1f-9591ea18e52d	Necroblossom Snarl
805	e7bb8160-0a4b-4e46-b196-7a19fb388d8e	Needle Spires
806	a9b8d020-4d72-4934-8942-df29ef19fc1d	Needleverge Pathway // Pillarverge Pathway
807	c8c632ab-14ec-44e1-ac00-81d48336320d	Neglected Manor
808	3b7e7a11-bf59-413d-8796-640d17c2c1c6	Nephalia Academy
809	6429b4ed-1845-4643-9a3d-85f7c12f2bba	Nephalia Drownyard
810	d27bb97d-286b-4947-8d7b-443e4df93319	Nesting Grounds
811	6e743fbf-b5b6-4176-a4f2-6933f521f2fe	New Benalia
812	4cdb9f80-d08f-4986-99c8-573166d66082	Night Market
813	d7e1d4eb-1d4e-460e-9304-7db9ab50ccb5	Nimbus Maze
814	9c482f1d-08b4-4882-918c-448a556d3fbe	Nivix, Aerie of the Firemind
815	4619de7e-3d6e-4c6b-8e6e-e24db324839d	Nomad Outpost
816	4034bec6-e3c7-4d3f-81df-7c903977a606	Nomad Stadium
817	3fcd1432-66d0-40e1-85ef-b57a6fa94b7c	North Pole Gates
818	e05f1a43-16ce-4e88-b0ad-2202efb25516	Northampton Farm
819	b3b5137d-0225-4dba-9231-d235ab0f137c	Novijen, Heart of Progress
820	8ed932ff-986c-4592-ad70-53b3fac80d69	Nurturing Peatland
821	84dc18f0-8225-4b40-a165-b10321e41769	Nykthos, Shrine to Nyx
822	177b7fe4-8565-4631-b4d9-8b2b4282f3ac	Oakhollow Village
823	4533ce78-0594-4195-96fb-46cbadd0db69	Oasis
824	645fb11b-d684-4bec-8532-8fa97e8f7b28	Oboro, Palace in the Clouds
825	dc31a6f8-6228-4a25-b937-5d8d78514333	Obscura Storefront
826	d3b7b541-6f05-46c1-8031-c848c4bd4635	Ojer Axonil, Deepest Might // Temple of Power
827	eda11077-b2ce-408b-b982-def2da8fe599	Ojer Kaslem, Deepest Growth // Temple of Cultivation
828	34ef174e-1b3d-43d5-9f72-3d35befbdd7f	Ojer Pakpatiq, Deepest Epoch // Temple of Cyclical Time
829	486bb9a5-73f1-4cec-b097-fb07ac80b72e	Ojer Taq, Deepest Foundation // Temple of Civilization
830	3ad69bfb-2e51-4fe9-8d2f-7d071a4f1c69	Okina, Temple to the Grandfathers
831	6f9a4bb2-5959-4a5c-83af-c2729e6673df	Omashu City
832	676141c3-a433-4aba-86fb-729628f96dfa	Ominous Asylum
833	d002391f-1dad-4966-ac36-56cc3ec015b2	Ominous Cemetery
834	15fc4e74-300e-4c2d-8ed7-004553b2f7c2	Ondu Inversion // Ondu Skyruins
835	aa6723a2-75da-49f5-a1ba-cbfa82c55301	Opal Palace
836	f9e7e855-1e3b-42d3-91b0-64ba8b5b8982	Opulent Palace
837	e88027a6-24cc-4a8b-86db-734f26149ea8	Oran-Rief, the Vastwood
838	aa00ae0b-7c0f-427e-8102-ce0e2a6af5df	Orzhov Basilica
839	57b37df5-fee4-4720-931f-f0cb0a8b338c	Orzhov Guildgate
840	8551a9cf-c54b-42d4-92d6-550f4890a3d7	Orzhova, the Church of Deals
841	f432eb6a-f1bf-4ce7-b915-1488dccb4bb9	Oscorp Industries
842	e9b6a394-691c-425a-9307-76d8edc7375e	Otawara, Soaring City
843	5ac8e01c-b0a7-4855-a122-1cd26b07c4a5	Overflowing Basin
844	709d2f10-1585-48c3-9058-ddd5f62f0452	Overgrown Farmland
845	975ec9a3-6f20-4177-8211-82526e092538	Overgrown Tomb
846	b66deeb5-7371-4f06-b10e-d65165bc07b2	Painted Bluffs
847	cf682012-de36-4ab4-ad94-c3c0fd7bce3f	Paliano, the High City
848	638ff242-63d5-457d-a7a6-40ad51052e2e	Paradox Gardens
849	db9ea3f9-c723-422f-98cc-a3ef7ca2c290	Path of Mettle // Metzali, Tower of Triumph
850	a176924c-78fc-4151-b2b5-1547b1114a40	Peat Bog
851	d55f7e20-11c6-44e2-8a21-dca67d3dbc68	Peculiar Lighthouse
852	b0fd6889-20b4-439b-aa97-2e90aca1675a	Pelakka Predation // Pelakka Caverns
853	f70e72e1-9abe-485b-9fea-e8b35352f5b3	Pendelhaven
854	e2b472dd-047d-47eb-9ebb-df6aa4b52dd4	Perilous Landscape
855	c4bc5bc4-e589-42c5-91fa-2ebc96448e85	Petrified Field
856	78a2972c-14f4-41f3-99f9-167948bdd73a	Petrified Hamlet
857	b6cc062c-eb39-46ee-bd6d-17f1db0ac50d	Phyrexia's Core
858	1861e642-21d5-4232-89f3-b5557f2946c1	Phyrexian Tower
859	677b8ce7-f922-4ee3-b311-f199da9b352b	Pillar of the Paruns
860	603dc263-270c-4a16-9b75-41f36fd7dfde	Pine Barrens
861	d8ef7c7b-0201-4978-ac73-fd376a19830f	Pinecrest Ridge
862	f3d48efa-910a-4872-a5b1-a353c5dbce99	Pinnacle Monk // Mystic Peak
863	6bc8fd7e-7616-484a-ac23-04d37c93733b	Piranha Marsh
864	044d2788-6daa-4849-a813-1f577eef9295	Pit of Offerings
865	26005003-afcb-4c32-a760-be950246ff0f	Planar Nexus
866	c7a15ca4-085f-4d92-8387-c3711c04c8fa	Plateau
867	5ff1d6d8-8cea-4a25-90d9-b575f4c99bc8	Plaza of Harmony
868	9c58d241-4d9f-4b46-b8ee-f4587f9acfd6	Plaza of Heroes
869	9809d975-7ef8-4946-9041-607c4e954b13	Polluted Mire
870	458d2b12-f578-4392-98d3-c3bc83f316c4	Port Town
871	f500a8a4-6135-448c-9116-bd2695a72229	Port of Karfell
872	64687880-03f9-4f38-985b-1027c797e33f	Power Depot
873	37ff5ba6-0763-4c73-85bf-66856e67b8f3	Prahv, Spires of Order
874	8e4d0da0-c7d8-4a20-9bfd-02c1331a7a49	Primal Amulet // Primal Wellspring
875	541744d9-449d-420a-a5a1-2fffba18450f	Primal Beyond
876	3a3a1b35-ae4d-49d5-ae09-5a1693ad53ce	Prismari Campus
877	032b8a0d-491a-4a12-ab9f-689010054d5b	Prismatic Vista
878	a656ad7f-133f-4d93-919a-43bcf1f815f3	Profane Procession // Tomb of the Dusk Rose
879	861eb7d7-7616-4620-a4fd-4b8c3bf00dd1	Promising Vein
880	de5b995c-9691-4555-9070-66bcbc29f955	Public Thoroughfare
881	5a8977fc-0732-4807-b876-01819aedd70b	Pym Technologies
882	172f86b6-9580-4eb2-b7dc-2a44277d978b	Quandrix Campus
883	ef2bb4fa-f292-4d19-aaa4-cfbe445caf45	Quicksand
884	b6be7abe-cee3-418f-bf52-8b5405e3462f	R&D's Secret Lair
885	bd39e333-b0b8-4a85-8645-d77f4a3941db	Rabanastre, Royal City
886	7e2eb4d5-22a3-43c1-8cf3-e85723da1b61	Racers' Ring
887	6db442e5-fbcc-4456-a4c5-bea1aee3fc8e	Radiant Fountain
888	32c91719-f3dd-4cc7-9e32-7d5ccf18f07c	Radiant Grove
889	5dd0cc44-4647-4857-ad3b-22494099d08a	Radiant Summit
890	8d38194e-b607-4ff4-9c19-0e8636d463bf	Raging Ravine
891	633a41f0-3889-49a0-b2fc-9baf59f4ddc2	Rain-Slicked Copse
892	76695b15-d0ba-41eb-85f1-52ba5d14b8ba	Rainbow Vale
893	0a023964-2905-4928-9c3e-dc63e6ebd218	Rakdos Carnarium
894	361f534b-39d1-4421-b5a8-d3813c62f86d	Rakdos Guildgate
895	d0d35864-1edc-4af1-9b89-3d7e94908011	Ramunap Ruins
896	e10e84a7-d564-487a-ac64-5a001a45ee90	Rath's Edge
897	24a97436-ba61-4ebc-a560-a6c027ccfdf3	Raucous Carnival
898	04e5e84f-8fd4-43ab-8f9d-5b24646f7ae5	Raucous Theater
899	68919931-b995-4aa0-9d2a-e80eae2f335f	Ravaged Highlands
900	5da954fa-9001-4557-825c-1462035d21ed	Razorgrass Ambush // Razorgrass Field
901	6cb37ac1-dd11-4a8c-bca5-ef44d828059f	Razortide Bridge
902	8f69bd3a-244e-42d8-bfac-5a426f4b54b4	Razortrap Gorge
903	94f6c407-e665-4032-be13-a01e40c1f306	Razorverge Thicket
904	bb9ce416-eef1-49e8-89a0-2b6837505070	Realm of Koh
905	32438050-5ae7-4c19-bcaf-5a07a673e0e0	Reef Roads
906	d1620449-930a-4895-a143-fd2a0a3c8b17	Rejuvenating Springs
907	2c38f4c7-1b3f-42b4-a175-edab7acd6cc6	Remote Farm
908	24aebda0-315f-4d2f-8bd9-00bbaf5bd76a	Remote Isle
909	91320daf-f69c-4350-b0fc-4bb37a6904b1	Restless Anchorage
910	b3c7b46f-c9ab-40ca-b50b-a4e0d0bd9be8	Restless Bivouac
911	7e16595f-bdeb-422e-b99a-bfc0ed52e9f8	Restless Cottage
912	8b3726f1-20b8-42ec-8f9b-b361515c3f05	Restless Fortress
913	c071257a-63e7-48d0-a677-0b396a09b624	Restless Prairie
914	df20f85b-5f81-4ee4-8487-55d90109ac36	Restless Reef
915	4c0f4a63-586a-4dde-9621-b0dd9118b2e5	Restless Ridgeline
916	0ca4e80e-c19c-4b74-b531-c5a4dc5a8ba9	Restless Spire
917	696e7ddb-bdc7-40ee-bc5c-59e98f4a7401	Restless Vents
918	0935faa2-fb90-48db-8a92-906ba0f374c7	Restless Vinestalk
919	8dd6d060-d023-48a6-85cb-7a5521b6257b	Revitalizing Repast // Old-Growth Grove
920	609fbc2c-514a-4feb-aaad-b9e6dcfd335c	Rhystic Cave
921	8d7e05ba-5406-4d5e-bb8f-a4a6f3b0eaa7	Riftstone Portal
922	983739cd-0b36-40d9-9a03-7b6aa7ffd0df	Rimewood Falls
923	f3e8dc56-2810-474e-a6a7-9c3555f94ae9	Rishadan Port
924	e13289e5-370b-435b-a38e-cf57c3078cec	Rith's Grove
925	2550099d-b3e2-4eb6-9f36-0fc412828ca6	Rivendell
926	4c6c064c-da61-4c7a-9607-8fb4490ff9a6	River Delta
927	8a83d284-75a0-4901-b7d9-c4b7586ee327	River of Tears
928	4924b3a4-a218-4783-8a4d-82361fdecc78	Riverglide Pathway // Lavaglide Pathway
929	510a6ac5-f098-4145-ac07-771b1b6f7cdf	Riverpyre Verge
930	5548ff43-e5f6-4a63-8562-a2b1de06d6f5	Riveteers Overlook
931	a1bee68d-135b-4e30-8830-48a3315d13a9	Rix Maadi, Dungeon Palace
932	2fb13687-0518-4ba0-a5ae-dd609464b026	Roadside Reliquary
933	7e103748-3f76-42ce-a063-d0256b2dce2b	Rockface Village
934	185c70c1-8403-4ae5-b45d-3679d4ee092a	Rockfall Vale
935	a659c29f-aaca-44c5-8426-cdafcb195f86	Rocky Roads
936	8709b5b1-ef9e-45b2-bf4f-ef4c4d613dcd	Rocky Tar Pit
937	f29dc596-2121-4421-8463-15f6c2e8b9b3	Rogue's Passage
938	9516c4c1-d72d-434f-97e1-6a862434a169	Rootbound Crag
939	2d28c83a-7415-4eb0-95a6-6245f2169d17	Rootwater Depths
940	6c922206-6e68-4dcd-9559-88da1074f2c4	Rugged Highlands
941	8e7641e1-e814-4d5a-9cb3-71ad2f4ceee8	Rugged Prairie
942	7140f396-1bfa-4b28-ba28-fa15eba74652	Ruins of Oran-Rief
943	ad7b610c-e276-4c71-9b53-1ccb6d2dafd2	Ruins of Trokair
944	83f2470e-2114-4cd9-ab1a-21b76e9cdf63	Rumble Arena
945	7eadffcb-1e15-44c1-b1db-78c71b8ec1ce	Rupture Spire
946	bbd569cc-bc21-46df-b8eb-5b5bcd8fe762	Rush of Inspiration // Crackling Falls
947	ccb2f92e-69c0-415c-81cd-52c384b3b233	Rushwood Grove
948	cde68428-0033-4ede-92f1-ab91de0a41fb	Rustic Clachan
949	a3faf70d-c034-4692-9e92-1922029e3852	Rustvale Bridge
950	45181cb8-2090-4471-ba90-e5a8f04d525f	Sacred Foundry
951	fb69bc57-f05a-41c2-9b7b-9a9761ef0cd3	Sacred Peaks
952	8f7f4061-8998-40e9-b980-c63f27e7a5cd	Safe Haven
953	7a951bd7-4f7d-44ea-9c2f-fe2f6b2f5289	Salt Flats
954	6a40823f-130c-4416-a987-75e205d3e1dd	Salt Marsh
955	021e4165-2f02-4bd4-86ca-cb7bf4c9e23d	Saltcrusted Steppe
956	c7d9ff27-f1fc-42e4-a47b-d2e6d68e4035	Sanctum of Eternity
957	72cb5dcd-9b24-435c-921a-3766108374c4	Sanctum of Ugin
958	48a830f1-8965-4f97-b3d8-ca98eab1ba33	Sand Silos
959	544dbabd-cbfc-40da-a5ba-2fea9cddb453	Sandsteppe Citadel
960	08911e8e-cd67-4960-a927-958c33632469	Sandstone Bridge
961	c8e0a1a5-8188-4677-9d8a-a18eb593343a	Sandstone Needle
962	de417a82-8f03-4d7e-aee7-48f7d7eba61a	Sandstorm Verge
963	f7dda04a-c9c6-4952-9bbc-87e3c7480347	Saprazzan Cove
964	e4e6e796-39ce-4a63-8c61-c7c956d75d78	Saprazzan Skerry
965	8d4dcab0-86e5-4ff8-a90f-78a062664e16	Sapseep Forest
966	a3292406-3f49-42d6-a547-e43dd5797f84	Savage Lands
967	1af15c1d-a41c-44cc-9614-d72694dd26e8	Savage Mansion
968	00625242-9348-4ef4-b975-f2ac82fee21d	Savai Triome
969	2896f01d-003b-4d68-9d0a-64990ba59cbe	Scabland
970	3c87ea85-ca29-45a7-b5b2-758c62898b0a	Scattered Groves
971	5ece7d03-9ee7-4953-a06e-9d8e41874903	Scavenger Grounds
972	ba11a517-1dbd-4797-9f5e-46ce0f6c77c0	Scene of the Crime
973	5028dfe8-c505-4643-b493-760b1f19d47f	School of the Unseen
974	f808b510-907a-4c3c-aea1-efb825c8e13e	Scorched Geyser
975	6ee68855-c8c5-422b-88da-163c09a96416	Scorched Ruins
976	d37f858e-03c8-4594-9b92-cd03699a1591	Scoured Barrens
977	0f98e055-ab61-4314-aae8-9d3c19f66acf	Scrying Sheets
978	b574c540-9f8a-4fd4-8809-d02c9b099ddc	Sea Gate
979	4a8d41fe-e04d-484b-a7d1-19be311e6ca7	Sea Gate Restoration // Sea Gate, Reborn
980	91f34686-cb96-49c0-b4a7-49dd1fd076e2	Sea Gate Wreckage
981	672e190d-8ea0-4a2e-b74f-5d35304631e4	Sea of Clouds
982	9e7a240d-dc33-47ac-9f17-77fab4c1c340	Seachrome Coast
983	f71f01bc-caae-426b-a25a-bfbfeb9feb67	Seafarer's Quay
984	eef64810-4187-40c1-8e59-1cb8773ebea3	Seafloor Debris
985	f74c4d96-bc4a-4d32-9519-a753d192144e	Search for Azcanta // Azcanta, the Sunken Ruin
986	2ae77795-6a80-498b-bf69-6fd612f601e4	Seaside Citadel
987	4adc39dd-8de1-4298-947c-ff666ec3adeb	Seaside Haven
988	39451b4d-cd7a-40da-b457-cb51b609173f	Seat of the Synod
989	79ba18fd-f184-43c1-86df-56ee18ce806c	Secluded Courtyard
990	09f52275-99e6-45e0-b2db-cafe26d5fb91	Secluded Glen
991	69f55a7c-6ddf-412e-b63b-b395731a1ff2	Secluded Starforge
992	8dec6fcf-1254-4b1b-ba23-7a3e492a7241	Secluded Steppe
993	1017088c-08a3-45d9-a7f7-01fb2f309717	Secret Base
994	c6a46fc2-fc8f-4dcd-bca7-682abfbf303d	Secret Passage
995	632e2979-d88a-482e-9bb8-57b683c5310f	Secret Tunnel
996	2d8635bd-ed96-4bb1-8718-6962a0eee3d5	Seething Landscape
997	73b3e242-075d-4c4d-9b09-6fef1633c348	Sejiri Refuge
998	d54e4e37-042b-44a5-918d-757308545d4d	Sejiri Shelter // Sejiri Glacier
999	3dfbf95e-a91b-429c-96e2-95ac777e7027	Sejiri Steppe
1000	75b235d3-595a-4859-be45-9559d8445db5	Selesnya Guildgate
1001	00ef1c55-dea1-4564-bd57-66de86cba4df	Selesnya Sanctuary
1002	b6fe779f-b20d-49cc-96dd-54f1ffb312e1	Sequestered Stash
1003	0b504dc6-61cc-4a72-907c-145fa4c72466	Seraph Sanctuary
1004	f715f701-a735-42ab-b31a-8e1bd04ac5ff	Serpent's Pass
1005	34187c71-6033-4058-aadc-2bc266f762be	Serra's Sanctum
1006	15687ee3-3cdb-4a8f-a726-46b73bceb792	Shadowblood Ridge
1007	216a2a92-9ca3-4ca3-8af7-686c13b04290	Shadowy Backstreet
1008	4725abd4-06bc-464a-bc5b-c9e0f71ec079	Shambling Vent
1009	564bdbdd-8392-4ee1-a132-1a17a67b2110	Sharlayan, Nation of Scholars
1010	7fbad3f2-66f6-4e3a-b9e0-1ddbcd94d42a	Shattered Landscape
1011	c854ecb0-cc60-4c48-a9aa-7f2348a7a8c6	Shattered Sanctum
1012	78301998-fd9b-4cd5-afad-dbcb43cac2a7	Shatterskull Smashing // Shatterskull, the Hammer Pass
1013	8305715e-f711-47d6-8efe-d0efe4ced418	Shefet Dunes
1014	f748b2fb-6c2a-400a-8e96-fa4e4a1dfe80	Shelldock Isle
1015	db8d8643-3d0b-4f20-bf53-f4cd26a0e8df	Sheltered Thicket
1016	cd535fa3-6fd8-4227-97fd-3ef07cb0598d	Sheltered Valley
1017	5b932be0-4dac-41b9-9c59-f79e4cecc31a	Sheltering Landscape
1018	7c2a4fe5-43e8-4e20-bef2-0278d18afc4b	Shifting Woodland
1019	2ac34f3e-822d-4fde-99ca-a31c4d9503fd	Shimmerdrift Vale
1020	bae49475-fe01-400b-8959-f0dde959577c	Shimmering Grotto
1021	c9fc13d6-bd10-47bc-b2b6-7f67a1f3371e	Shineshadow Snarl
1022	255b937f-c9c9-4ae9-815e-17418eba0602	Shinka, the Bloodsoaked Keep
1023	5f42b67f-87fd-4f98-a0e8-0c8313f4bbc8	Shipwreck Marsh
1024	619173f4-0403-49cd-9659-2fedd5028a90	Shire Terrace
1025	e90a1381-c9c1-4f57-928c-5d19dc065274	Shivan Gorge
1026	9b64c0f4-b917-4a0d-b033-30ab71aab807	Shivan Oasis
1027	0fe16212-66c3-4e45-a641-7391e9b2e304	Shivan Reef
1028	008f2698-1721-45a3-8353-10f2f400dc8f	Shizo, Death's Storehouse
1029	8ea46945-d5ab-4209-b473-4769e7b8b962	Shrine of the Forsaken Gods
1030	bd7c328e-0380-46f8-bb85-7bf4e201b7ac	Sidequest: Catch a Fish // Cooking Campsite
1031	fd45063f-c83c-431c-9104-f139c497ec0d	Silent Clearing
1032	b0182ca0-f353-4012-9121-6f4ac9f7a046	Silundi Vision // Silundi Isle
1033	081bfd50-a436-463b-9d2c-5bc8a32b387c	Silverbluff Bridge
1034	2b65eb80-6fb7-429f-81f2-2fe125eba634	Silverquill Campus
1035	046f5783-cc7b-416a-8cf6-2bcef9c2cc1a	Simic Growth Chamber
1036	e8705df9-6439-4930-91b6-229f818559af	Simic Guildgate
1037	80f08b47-a237-4efd-8d86-dfe35a816b0e	Sinister Hideout
1038	bcc6eece-75ea-494c-b33a-d4477d504e0b	Sink into Stupor // Soporific Springs
1039	92bac34e-2045-4331-842f-185711c1ac56	Skarrg, the Rage Pits
1040	70965b80-c8ad-4718-ae20-12a4d8228898	Skemfar Elderhall
1041	46466819-3c8b-4f7e-82c2-93cb0118a6e6	Skybridge Towers
1042	da9e3910-9a1c-43a9-9138-ca971b2bccae	Skyclave Cleric // Skyclave Basilica
1043	76f335d0-7f71-4b1a-b60d-73de954cbe2c	Skycloud Expanse
1044	2ac2b815-2d72-48e6-b43a-18884a74bf95	Skycoach Waypoint
1045	79301ae1-8c9c-4723-be21-dc27e1646f35	Skyline Cascade
1046	117a5fae-7fc4-4e24-b646-5727ea392fa7	Skyshroud Forest
1047	e040a8e6-b90c-42d1-a1b1-771d954c61ab	Slagwoods Bridge
1048	2de7367b-a5a4-43f4-8f8f-b931ea28150d	Slayers' Stronghold
1049	58bfd9a1-67ce-41d0-be38-f05addd1dd9e	Slippery Karst
1050	e7286688-ffbe-4d25-ad55-27990f005368	Sliver Hive
1051	be09e83f-6486-4f42-8d2e-416cb95173f9	Smoldering Crater
1052	390f1b56-264e-4336-83be-dc1fe79bfdcf	Smoldering Marsh
1053	cfa3288d-e521-4a13-bcb3-7950a94e1746	Smoldering Spires
1054	5f0d3be8-e63e-4ade-ae58-6b0c14f2ce6d	Snow-Covered Forest
1055	5b2460a5-6ae5-4cad-ba94-1a9e98e6e4c0	Snow-Covered Island
1056	ca9f660b-e07d-4f42-a46e-abd0ca72510c	Snow-Covered Mountain
1057	ac8cc74d-e43b-4118-bba0-dfa8b9c04d45	Snow-Covered Plains
1058	d8239a86-7184-4005-ba1e-2dddcd756c47	Snow-Covered Swamp
1059	46a07b53-ff58-4bd6-80dd-ded2eb0e29a3	Snow-Covered Wastes
1060	749c2c8e-9588-4e83-b07f-3c37eb63338b	Snowfield Sinkhole
1061	a37544b6-0048-4213-8e40-76ba8a0b6d1b	Soaring Seacliff
1062	0070db93-142b-4d04-afd3-836792dc134b	Sodden Verdure
1063	c5ee72d5-3a9e-4fe5-8802-3286ee612055	Sokenzan, Crucible of Defiance
1064	5baa7abe-5bdf-40ce-9a83-a93b7cae71a3	Soldevi Excavations
1065	81b61770-2ed5-4a50-84d0-97790002fc5a	Song-Mad Treachery // Song-Mad Ruins
1066	5419eae0-3c12-4748-9cf8-d927752e527e	Sorrow's Path
1067	3c0f99b8-0222-4fac-932a-eb5d77826564	Soulstone Sanctuary
1068	e579edd7-4f6c-4f22-a72f-0a20d7a698a2	Soured Springs
1069	3123ec89-8e95-4761-ba17-747ec667509f	Spara's Headquarters
1070	49e43de3-460b-4562-aef6-da43bd56debc	Spawning Bed
1071	f3bf22cf-0a6f-4fb6-ba82-63ce290308d6	Spawning Pool
1072	33a4e73d-d93a-4b6f-88ff-cd53f20d178c	Spectacle Summit
1073	cf6d10ed-85c3-48f2-8ba0-2960e03b408b	Spectator Seating
1074	81036c9f-fe0a-45a7-bcd5-0d344f31055a	Spikefield Hazard // Spikefield Cave
1075	690c7f8e-fea2-4920-afa7-02ff120701a1	Spinerock Knoll
1076	45fe016e-1a09-410c-bbe3-4663ba06c5b7	Spire Garden
1077	55a519b4-61cb-448a-875b-4d6dbe00580f	Spire of Industry
1078	eb0d8093-5f93-4b25-9384-08f9731bfb28	Spirebluff Canal
1079	9eaadbbc-818b-4c21-9d4b-1bba48504d38	Springjack Pasture
1080	69ddca4b-5cc0-45f3-b2e6-a047c8d601be	Spymaster's Vault
1081	f3658894-3d3d-4cd4-b0ac-c53e1d08747c	Stalking Stones
1082	6a4ee425-b3b8-487d-866c-9e2d73682466	Stardew Valley
1083	52401cb4-1bce-4191-9220-0d93ea4108b8	Stark Industries
1084	d16298ac-67bd-4f9d-9979-23c1b7e4b359	Starlit Sanctum
1085	d04e0975-f401-41b8-a9db-9bcf9cbbce66	Starting Town
1086	17039058-822d-409f-938c-b727a366ba63	Steam Vents
1087	8220c5fa-28dc-40d0-a38a-d8eefc2795d6	Stensia Bloodhall
1088	e900f211-dc8b-40f7-a217-1b1462b15c26	Stirring Wildwood
1089	16052b52-ade1-406f-a06b-ce7ea607fb63	Stomping Ground
1090	90bccf66-58ec-445d-ac96-c6013054a1b4	Stone Quarry
1091	72205fac-a94a-45cc-94c6-40ece2fdce0e	Storm the Vault // Vault of Catlacan
1092	4722105b-0085-4bb8-bca1-9de0d3eb5600	Stormcarved Coast
1093	3a5b3405-a1e3-4aad-ab4e-1b8db2d1f3a8	Strangled Cemetery
1094	1a8c996d-ca93-4c17-ace5-66ecd6b99317	Strength of the Harvest // Haven of the Harvest
1095	d21a89eb-7c5b-459a-acc7-12b20b13bf79	Strip Mine
1096	7ffadb3f-0b88-416f-b1a1-876383c22720	Study
1097	eb735501-19e7-4910-aa6a-6667fff6f4e5	Study Hall
1098	eb7b1284-0b2c-4b6a-a389-b2b932838083	Stump Stomp // Burnwillow Clearing
1099	f27d52e6-aab9-4f95-ae46-33d1173bf4fe	Submerged Boneyard
1100	d49a7525-eca5-48e1-b94b-d618a706fd02	Subterranean Cavern
1101	0bbd5a04-c281-4afb-98a1-657b4eca102c	Subterranean Hangar
1102	6ef30340-a26d-49aa-bc86-0b8aa5252f87	Suburban Sanctuary
1103	6a6c5e17-6465-4a1f-9d63-8a3ce2edc522	Sulfur Falls
1104	bc2906cd-9e0c-4aa8-b656-fb1045d810ac	Sulfur Vent
1105	77cf536e-246e-4c18-8e04-c904fcad3f40	Sulfurous Mire
1106	f5c38c01-4a40-469f-91a0-7479daf4e8e7	Sulfurous Springs
1107	d188a397-c7d9-4f16-bc21-d9e1b5ffc951	Sun-Blessed Peak
1108	f97fd068-b83a-4621-bf8c-cc96e880ce90	Sunbaked Canyon
1109	a202276b-1f1b-4277-95ee-26877a204f5e	Sunbillow Verge
1110	c95309e9-5c2f-4518-b2fd-825d3d0a4ae0	Sundering Eruption // Volcanic Fissure
1111	5ad0b405-cca4-475e-985c-4d7e3599d87e	Sundown Pass
1112	0a28dff0-2bd6-4105-b73a-b6c4735833fd	Sungrass Prairie
1113	a9f8344c-1705-4254-81d6-aa05e0c69c29	Sunhome, Fortress of the Legion
1114	508189e1-9cef-4f9c-8ff1-078c99a0f603	Sunken Citadel
1115	c098c507-5154-423a-a70b-f6dfd4959cf6	Sunken Palace
1116	e6415ffb-8b7a-41c3-bedf-0d4112b7b795	Sunken Ruins
1117	a5e5a259-5fa7-4b01-93cb-a2b4aaf80927	Sunlit Marsh
1118	402ec768-76fb-474e-ae74-babc90d833c4	Sunpetal Grove
1119	256b8c23-589e-429d-9e6e-433d55079eb4	Sunscorched Desert
1120	8d2b2675-19df-4f40-9e8e-196ec097b91c	Sunscorched Divide
1121	b592568b-11b0-4081-90a7-30cfb9c1ba80	Suppression Ray // Orderly Plaza
1122	965aa666-3919-4053-8584-b773bdd54f0b	Surtland Frostpyre
1123	a3648376-dc8b-409b-b2d1-c29e326a059c	Surveillance Room
1124	152e7e91-4eda-4e72-a9fb-bd5cb2e68239	Survivors' Encampment
1125	50d6cadc-07e4-479e-90f4-e3a20f769bab	Susur Secundi, Void Altar
1126	a34a70b8-02e5-4e8c-a9e7-b21c5a11dddf	Svogthos, the Restless Tomb
1127	5578cf33-62f5-456c-a58c-f744a25df79b	Svyelunite Temple
1128	4b508087-99da-4eb1-8b12-29162f2ec85d	Swarmyard
1129	2f4ad084-2062-44c0-9975-15f100204531	Swiftwater Cliffs
1130	4139f40a-873b-4842-96a2-b7875de1c20a	TCRI Building
1131	439de49b-1091-4688-9ffb-80a025df31c2	Tainted Field
1132	0222414f-98b5-458a-a0fd-831a66cd8b07	Tainted Isle
1133	b2bae7fc-0668-4b34-9cd6-0d80aea52275	Tainted Peak
1134	fa6d05a1-3df4-4751-b1a0-8d9693faec73	Tainted Wood
1135	ac2dd694-d2f1-4025-8400-12332bdc882a	Takenuma, Abandoned Mire
1136	8c45bf9d-a017-43bf-9e32-67810a8a217b	Talon Gates of Madara
1137	53542c79-a62a-4d6a-97db-5296e9c68302	Tangled Florahedron // Tangled Vale
1138	4b1f68a2-b606-4c64-bd44-a9714808316d	Tangled Islet
1139	29cd8a7c-108a-43d1-af63-f603a27c24f2	Tanglepool Bridge
1140	b0be3f25-edb1-4299-959c-9aad909730ca	Tarnation Vista
1141	66ae2562-68e9-4c77-ba0a-57f8ff37f656	Tarnished Citadel
1142	a75b02ba-b0c8-47e3-a05c-e9ba221a7578	Tarrian's Journal // The Tomb of Aclazotz
1143	4927150d-7ff6-4232-b20e-d2ea245ac710	Tectonic Edge
1144	4a9437a6-4e61-48b6-8194-1c6ba6432250	Teetering Peaks
1145	ce55657d-d82f-4528-a83e-5cad7de111fd	Teferi's Isle
1146	3baa8e38-ef93-435d-b63e-f781d5bfcc68	Temple of Abandon
1147	33b9b3bd-33ca-46f3-b8bb-a978bc3d1085	Temple of Deceit
1148	89f43e27-790b-4ca1-8ba7-0882b31e0783	Temple of Enlightenment
1149	79f94050-d850-41ca-b1db-5ae0cf743f0a	Temple of Epiphany
1150	dc55421f-dee8-4263-9df0-2365df5f14bb	Temple of Malady
1151	7c439c18-31dc-41fe-b03d-3fca06e6fc0b	Temple of Malice
1152	7e26f0b7-20e6-46d5-8130-d98c14d6aa29	Temple of Mystery
1153	e521322b-0e83-458c-8936-7021a80ee279	Temple of Plenty
1154	e6e6fce8-0f6a-4b84-865e-d4e4a4182f9f	Temple of Silence
1155	6f0d94d9-64bb-4175-83bc-301e8f79f54f	Temple of Triumph
1156	169a26d2-7bc9-4403-9c92-98d4bd5ca4f3	Temple of the Dragon Queen
1157	cfdd5dc6-593e-495a-8cfe-3a56b3c4c7df	Temple of the False God
1158	9e006a4b-8dde-4416-8cb4-8401562d0fd5	Tendo Ice Bridge
1159	58eaaa8b-45c6-439b-bdd1-5f4e77a75a8c	Terminal Moraine
1160	a949c96c-362c-45a3-bd5c-ce5ce153ee9e	Terrain Generator
1161	1bd3e453-aa21-4ee6-95c2-d6d920ee8e7a	Terramorphic Expanse
1162	5a54d6a3-b1d0-42fe-9531-604b34d197f1	Thalakos Lowlands
1163	f9085e55-2833-41b7-9100-a35dc04dee93	Thaumatic Compass // Spires of Orazca
1164	c6792d9f-8b74-43c4-814f-ba4adab2fdea	Thawing Glaciers
1165	e2dd05d5-312e-47f1-873e-c0741ee6ef4a	The Autonomous Furnace
1166	86ed6073-c35c-4d29-9911-5fe191dd875f	The Biblioplex
1167	eb6a0eb4-994a-4516-9339-c22e62c40a95	The Big Top
1168	40eb9904-dea3-47cf-963a-04821f98ba64	The Black Gate
1169	8110fe69-c66c-4e2c-86ee-dcc8dc9a13d1	The Dross Pits
1170	1f57a9f1-6b95-4395-bdf0-c5289b786ab1	The Everflowing Well // The Myriad Pools
1171	8618f8e8-fd86-47e3-905d-e6624b599b9b	The Fair Basilica
1172	93e38650-ce22-4ab9-b79d-cc7b6477c075	The Gold Saucer
1173	6b78e417-44f8-4ab6-9d3c-e71704fc648e	The Great Mound
1174	a1a9695e-073b-4a65-b3ec-2cfddc23202a	The Grey Havens
1175	b0ea4975-a944-4585-8711-60f203cffa4a	The Hunter Maze
1176	3678c06f-8a33-4a6d-bf20-5b92d5c05a95	The Lonely Mountain
1177	63e8d282-d038-4a8c-a0cb-f51ddf87d8ea	The Monumental Facade
1178	03f5c566-825c-4c46-9c01-a2f9b1e70a13	The Mycosynth Gardens
1179	249fdd3e-376c-4ec2-a612-4353e0e61ee2	The Seedcore
1180	9abf9a0e-8e7d-406b-a01d-d4870b30134e	The Shire
1181	db9c155f-b342-41bb-9e1a-50358fb9f40e	The Surgical Bay
1182	69b409b3-fa16-4c79-8b46-215a7036ed46	The Tabernacle at Pendrell Vale
1183	3437d504-bf62-4c27-b15f-f6330182ff7e	The World Tree
1184	b01e698b-608a-4fc7-8073-b01d044743ec	Thespian's Stage
1185	99720c65-be96-4220-8ed4-720660bf6928	Thornglint Bridge
1186	e861bc08-4f0b-4d22-9b85-9d20227fd5b4	Thornspire Verge
1187	ec96cde2-f1e6-495c-94e2-3e8ae79e556c	Thornwood Falls
1188	32af5f7b-a970-484a-9aff-226749551d32	Thousand Moons Smithy // Barracks of the Thousand
1189	926ce6a2-7bdd-4380-ac65-bc902ba0c284	Thran Portal
1190	57b4da3f-361a-4cbe-b77f-190ec33eefd8	Thran Quarry
1191	da3b17a2-e1e1-44e9-b9b1-ae54a92037db	Three Tree City
1192	91fceb34-0f2d-4392-be27-00dcd765637f	Thriving Bluff
1193	a8052556-8962-4130-86a8-6fb7b6a324f7	Thriving Grove
1194	d1946630-e224-40db-8f0d-388b09622288	Thriving Heath
1195	69fc70b8-b143-4662-ac95-e2743037239d	Thriving Isle
1196	bff416bb-d193-4c45-b2c1-7c297dbfad08	Thriving Moor
1197	7e8198e9-0f3b-420b-ab09-74f13f4fd548	Throne of Makindi
1198	9684447a-5955-4bc7-8ad0-8bb8b316873b	Throne of the High City
1199	d2bcff58-7a8a-46ef-b6b3-39501d4c8e6e	Thundering Falls
1200	00b34fab-5a80-4a4d-b6cf-72479197677a	Timber Gorge
1201	29c7f059-2eeb-40f9-8f50-03eba2d0d5e0	Timberland Ruins
1202	a597d2b7-484b-4cfd-89a6-d166cb1a3420	Timberline Ridge
1203	af0ad159-8264-4526-9a95-eddd32c0a13f	Tinder Farm
1204	595f0eb5-f521-4174-9c48-b89e85ea907c	Titan's Grave
1205	a91f93fd-e428-4a36-b1b3-604b47a34287	Tocasia's Dig Site
1206	9879a4f3-3b9c-45cf-af03-7f2ae4c689b4	Tolaria
1207	46eefc72-2d9e-4389-8ae1-26d9ee472b5c	Tolaria West
1208	dba4fd31-8931-42dd-bd86-45479c2abf74	Tolarian Academy
1209	986f510c-e2ec-423e-a443-51a169939558	Tomb Fortress
1210	f002be6a-e459-49c4-b765-062e30107439	Tomb of Urami
1211	22f6391e-2634-440f-af1b-9581d1bff818	Tomb of the Spirit Dragon
1212	a3ed5d7f-c554-4d46-86e5-7bb8df2693f6	Tournament Grounds
1213	e3570ac7-c593-40e3-bbd6-ec3da6d8158d	Training Center
1214	99c70f4e-de8a-426d-99aa-17b2f87625ba	Training Compound
1215	e90e519d-023e-4d19-85ad-9972a76df3ba	Tramway Station
1216	5d641bf6-0f93-4189-8dc1-ec7ea446dade	Tranquil Cove
1217	a5478263-47c9-447f-9c7a-c77ce0752947	Tranquil Expanse
1218	d9dfef08-b824-4d56-a0e9-3dcefb7e4612	Tranquil Garden
1219	d4eb65d5-99fd-4daf-b7d3-8ebf99ee9c61	Tranquil Landscape
1220	9f8fe514-77ed-41b4-a6f3-c6f095bb97be	Tranquil Thicket
1221	98334bfa-c516-4c20-bdc5-9e32e7127adc	Transguild Promenade
1222	0b55eac6-a745-4bf4-8926-5ce83bc38d7d	Treasure Map // Treasure Cove
1223	3c43efd6-b1a8-452c-ae20-9a936c3340ab	Treasure Vault
1224	8b4aa971-b919-4750-8388-33d4f42c9280	Tree of Tales
1225	b53f216d-1592-4eee-b204-502a805fbc8c	Treetop Village
1226	42f1ccb8-eda0-4828-ac07-82d4e950d7e1	Trenchpost
1227	6d5bb714-1bf4-4f75-9ea8-bdbd18b0425b	Treno, Dark City
1228	69143645-97b6-4c7c-9fa2-844fb3b99822	Trenzalore Clocktower
1229	74a6597c-13ea-47bd-adb3-45671897b11b	Tresserhorn Sinks
1230	7b2c7758-2b89-49ff-8838-8dc9880c7209	Treva's Ruins
1231	74b7fe23-5d3a-4092-8d78-7c0eba8f6f73	Tropical Island
1232	114dd40d-5ad8-4913-a08f-572b9521eb5b	Turbulent Fen
1233	2eb4da30-2600-4a7f-8e6c-6a090faa9a8d	Turbulent Moor
1234	9aef7510-9f06-4939-8cae-f71330d1105e	Turbulent Springs
1235	db444f9d-4dde-4308-b0f2-7acfe6de871a	Turbulent Steppe
1236	bd8adca6-4f16-45f8-994a-fe55bd573bd0	Turbulent Wilderness
1237	62934aab-b6fa-41b2-ac05-d3fa0e3c5a79	Turntimber Grove
1238	403b59f3-7ade-4bc2-a3e6-de0c3c700f18	Turntimber Symbiosis // Turntimber, Serpentine Wood
1239	eb002bbc-08df-4bf0-bea3-46494ad261b6	Turtle Lair
1240	db623754-e078-4030-ba07-818803c348a8	Twilight Mire
1241	db659cae-2078-423e-a6ed-63898dbab87f	Twisted Landscape
1242	740aa9d9-91a9-431e-8bf9-1344e5273e27	Twists and Turns // Mycoid Maze
1243	38c83332-2d21-450c-ae97-34109b565f59	Tyrite Sanctum
1244	d565cd3d-68d4-4039-9e45-7e69e31d0ffb	Ugin's Labyrinth
1245	6bc668f4-8fc7-4aaf-891b-277d8328b376	Umara Wizard // Umara Skyfalls
1246	5a1dfc60-645d-4bc0-8883-e06ed9c80706	Umbral Expanse
1247	d23c3613-bc5e-4fc5-939c-62a090c53a79	Uncharted Haven
1248	584b15f2-6ae9-413a-8b8d-9244dbea4878	Unclaimed Territory
1249	08d80efc-9542-4ba2-824c-c8615d8d07f2	Undercity Sewers
1250	199c7604-6b4b-4cec-b6c2-b6b2918b11c8	Underdark Rift
1251	8375aaaa-edc2-4a0c-98f6-af07d61ebd0a	Underdome
1252	840119bf-e60f-4ff7-9c9b-d420d09df545	Underground Mortuary
1253	857febd9-cdd7-4f8e-a852-d88084b0cfbc	Underground River
1254	7c69f718-acc8-4851-8e5d-0cbaaa86192c	Undergrowth Stadium
1255	76c33d54-ce55-400e-bec5-79d33a5a20fb	Undiscovered Paradise
1256	d410027b-1c22-461e-939d-06a2c851352e	Unholy Citadel
1257	c28211c6-a5ee-40c3-bb6a-da3e7e73fd95	Unholy Grotto
1258	98e547de-b963-4ee4-9a08-67bae010734b	University Campus
1259	82c5ec8e-27be-475a-9921-ad61209fd022	Unknown Shores
1260	495214b5-2eab-4fe4-8879-a30a57a67163	Unstable Frontier
1261	362f25a6-01ff-4c53-be52-c6346a9b0065	Untaidake, the Cloud Keeper
1262	18290c4b-cff6-4ee5-a487-fe0d5706d3de	Urban Retreat
1263	b6114962-035e-4e7f-9009-4739bf83a05a	Urborg
1264	018129dd-f578-4fc9-b6f8-b13ed0c75a8d	Urborg Volcano
1265	db6174d7-211d-4817-b8e4-8384594c83f9	Urborg, Tomb of Yawgmoth
1266	4474ecee-0ec3-409b-90df-738d9313fe3c	Urza's Cave
1267	5a620d20-f14e-43d0-8e57-c2a197e2ec51	Urza's Factory
1268	6538fb05-7cc6-4bb9-9b57-11f4f07b5e59	Urza's Fun House
1269	33e85a8a-86df-4cdc-a9cc-8cbabe92c3c0	Urza's Mine
1270	e11966cd-2ee3-4df4-b099-abf42dcdf0db	Urza's Power Plant
1271	32fbb638-ab14-4e8b-a07a-d4c44e3496f2	Urza's Tower
1272	71099427-e110-488f-ab29-7867241fc7f0	Urza's Workshop
1273	df08ac72-010f-42f8-beb3-6d645c638e1e	Uthros, Titanic Godcore
1274	ff0ab867-b710-4b1a-baed-95fc3cf68f79	Valakut Awakening // Valakut Stoneforge
1275	1bc44216-4e06-4f66-89b7-5c327004604e	Valakut, the Molten Pinnacle
1276	660d44a2-391a-416c-b46c-ddcc3739f527	Valgavoth's Lair
1277	5e7eca9c-a7b8-4b7b-a0a0-e8937530145a	Vance's Blasting Cannons // Spitfire Bastion
1278	ce148a0c-6c63-49d5-a156-99efae4e367a	Vastwood Fortification // Vastwood Thicket
1279	ebc5ac83-08d4-4d6b-b840-0c4ba71a38ab	Vault of Champions
1280	09496421-74e4-466a-9546-56f2a0c8eef4	Vault of Whispers
1281	eeaac65a-3480-475a-bb28-e6375d53f487	Vault of the Archangel
1282	b0a4680f-9707-431c-b5d5-7d4424783602	Vec Townships
1283	8dcba63c-4701-4dc9-81f5-ca8e8933a3ba	Vector, Imperial Capital
1284	10b9bfb3-c478-45c6-b227-9c66b63bc79b	Veldt
1285	67d60b24-d429-4ded-90d9-06e49f28c396	Verdant Catacombs
1286	40544d12-0391-4a61-af95-9b8ec01ed8fc	Vernal Fen
1287	4001b868-ada1-43f4-92e2-27ab0e80c913	Vesuva
1288	6a7f3e1f-6798-4644-b64c-7765f81f0938	Vibrant Cityscape
1289	cd2888aa-71f3-47ee-ba33-7bb95d5bc836	Villainous Hideout
1290	33f52df8-4b44-4422-8b0a-37fead9c894b	Vineglimmer Snarl
1291	6bd6d259-1af7-4dff-a79c-48a616d2a36e	Viridescent Bog
1292	88fb9e82-28b9-4275-a1e2-cb3a9bfda127	Vitu-Ghazi, the City-Tree
1293	d8e2efe0-33a4-4303-9e83-ac42ea5df8cb	Vivid Crag
1294	2da7c49f-cc1e-45d9-9cbf-067e92b0daef	Vivid Creek
1295	b7a68899-c0d3-49e0-854b-19268ae9b89d	Vivid Grove
1296	20b32052-f66f-4eb8-b56e-00d531907f19	Vivid Marsh
1297	dee99df5-628f-4a4e-a203-4dfddc927373	Vivid Meadow
1298	95c44f28-f7fa-4785-83b9-0d81be0db0c8	Volatile Fault
1299	96262c15-9130-409c-8242-71f84be719b7	Volatile Fjord
1300	c718911c-c955-4eb9-9e16-be4bd49a4e4e	Volcanic Island
1301	fb0c0426-f1a6-4e52-9242-627786d3119a	Voldaren Estate
1302	741c51f1-cfbe-4c29-ac8f-ca6bcd2652f9	Wandering Fumarole
1303	c3b46bd6-b3ef-452d-a916-995c44f1da07	Wanderwine Hub
1304	71c52bf5-2a5d-488e-8b15-7ef290e4b77d	War Room
1305	543e6bb3-a867-43bf-a737-2f5d6d8dc631	Warped Landscape
1306	05d24b0c-904a-46b6-b42a-96a4d91a0dd4	Wastes
1307	c6e0574c-3e2b-4c40-b17a-05bce3d49309	Wastewood Verge
1308	18b0b583-d17b-4c67-bc67-c4d9aad155c7	Waterfront District
1309	70fa2eba-565e-4fed-adc9-7f5d9fcbf1fa	Waterlogged Grove
1310	e6ad1be9-f13d-4590-b3db-e2d0fff46f03	Waterlogged Teachings // Inundated Archive
1311	84d89a3d-4b28-4e19-8298-737ec6a06238	Watermarket
1312	3debfa0d-9945-4a85-a714-7c3d3d74de4e	Waterveil Cavern
1313	a4b37d16-95b3-4143-a0b2-ad9f2aba91f8	Welcome to . . . // Jurassic Park
1314	04eeb9ad-5c59-411b-8809-db8349838588	Westvale Abbey // Ormendahl, Profane Prince
1315	2cdbfda3-98fc-4108-b551-c7049168924e	White Lotus Hideout
1316	36fbc8ba-bb4c-4e5e-9031-78c36e376851	Wild Roads
1317	c52eaa87-9251-4a47-83fd-04e582ade612	Willowrush Verge
1318	b0af0c54-2a59-4075-8543-d41ff20c4c87	Wind-Scarred Crag
1319	3589bcfc-42b0-414a-adce-bc690dc631c8	Windbrisk Heights
1320	622e2561-48b1-4aca-9abb-9a3c284dcceb	Winding Canyons
1321	e198126a-f280-47f7-8bd0-3dc9f5ff05a0	Windurst, Federation Center
1322	a4a6f95e-856c-4eb5-82ba-b2406be22b23	Wintermoon Mesa
1323	1275653f-de4e-4fe9-aad8-88555fa11680	Wirewood Lodge
1324	0355249a-8e4e-41db-9cea-1b901faffbe6	Witch Enchanter // Witch-Blessed Meadow
1325	05899372-9784-4bdb-9c28-504c71fed906	Witch's Clinic
1326	6c8f276e-4e7b-4974-ab02-9356cc0ffb2b	Witch's Cottage
1327	6cd58a88-6434-4c55-bf93-a739b5ed9bc1	Witherbloom Campus
1328	51635f96-af1d-4b33-9118-432495aaf07f	Wizards' School
1329	61b85077-64aa-4bcc-890d-2d88da9543c0	Wooded Bastion
1330	6587a463-a108-4854-b6d1-944e89b8c8a4	Wooded Foothills
1331	c2ca3e20-23ca-4d2a-88a1-5e98ff884abb	Wooded Ridgeline
1332	c9fe1383-1331-4a58-a45a-3320250221a9	Woodland Cemetery
1333	bf5482b6-dd3e-4fb7-bc62-29e23b417a5f	Woodland Chasm
1334	e887fb3f-d4c9-4022-8f75-1de6ec94af96	Woodland Stream
1335	8291543f-d086-48aa-b2b7-5481ca8c9198	Xander's Lounge
1336	40b36bc6-c185-4bda-99e7-0118953c2c97	Yavimaya Coast
1337	53d6113d-acdb-4754-9641-f7991a96c7b9	Yavimaya Hollow
1338	8dd5f5af-d2d8-4356-8617-8381081b930c	Yavimaya, Cradle of Growth
1339	5f2b3ea8-99ee-47a4-8a1c-4b27478d524c	Zanarkand, Ancient Metropolis // Lasting Fayth
1340	13aab4fc-4c89-45e6-8275-b074b00d0ee9	Zhalfirin Void
1341	f7e7b78c-c769-4720-8585-1874773eb342	Ziatora's Proving Ground
1342	3763de30-28e1-4689-a71c-07d2fea3a466	Zoetic Cavern
1343	d9f11985-e460-425d-b083-9cb0edf1983a	Zof Consumption // Zof Bloodbog
