Adventure	de	Abenteuer
Adventure	es	Aventura
Adventure	fr	aventure
Adventure	it	Avventura
Adventure	ko	모험
Adventure	pt	Aventura
Adventure	ru	Приключение
Adventure	zhs	历险
Adventure	zht	歷險
Advisor	de	Berater
Advisor	es	Consejero
Advisor	fr	conseiller
Advisor	it	Consigliere
Advisor	ja	アドバイザー
Advisor	ko	참모
Advisor	pt	Conselheiro
Advisor	ru	Советник
Advisor	zhs	参谋
Advisor	zht	參謀
Aetherborn	de	Äthergeborener
Aetherborn	es	etergénito
Aetherborn	fr	éthérien
Aetherborn	it	Eteride
Aetherborn	ja	霊基体
Aetherborn	ko	에테르붙이
Aetherborn	pt	Etergênito
Aetherborn	ru	Эфирид
Aetherborn	zhs	乙太种
Aetherborn	zht	乙太種
Ajani	de	Ajani
Ajani	es	Ajani
Ajani	fr	Ajani
Ajani	it	Ajani
Ajani	ja	アジャニ
Ajani	ko	아자니
Ajani	pt	Ajani
Ajani	ru	Аджани
Ajani	zhs	阿耶尼
Ajani	zht	阿耶尼
Alara	de	Alara
Alara	es	Alara
Alara	fr	Alara
Alara	it	Alara
Alara	ja	アラーラ
Alara	pt	Alara
Alara	zhs	阿拉若
Alien	de	Alien
Alien	fr	extraterrestre
Alien	ja	エイリアン
Ally	de	Verbündeter
Ally	es	aliado
Ally	fr	allié
Ally	it	Alleato
Ally	ja	同盟者
Ally	ko	동맹
Ally	pt	Aliado
Ally	ru	Союзник
Ally	zhs	伙伴
Ally	zht	伙伴
Aminatou	de	Aminatou
Aminatou	es	Aminatou
Aminatou	fr	Aminatou
Aminatou	it	Aminatou
Aminatou	ja	アミナトゥ
Aminatou	pt	Aminatou
Aminatou	zhs	阿米娜图
Amonkhet	de	Amonkhet
Amonkhet	es	Amonkhet
Amonkhet	fr	Amonkhet
Amonkhet	it	Amonkhet
Amonkhet	ja	アモンケット
Amonkhet	pt	Amonkhet
Amonkhet	zhs	阿芒凯
Angel	de	Engel
Angel	es	Ángel
Angel	fr	ange
Angel	it	Angelo
Angel	ja	天使
Angel	ko	천사
Angel	pt	Anjo
Angel	ru	Ангел
Angel	zhs	天使
Angel	zht	天使
Angrath	de	Angrath
Angrath	es	Angrath
Angrath	fr	Angrath
Angrath	it	Angrath
Angrath	ja	アングラス
Angrath	ko	앙그라스
Angrath	pt	Angrath
Angrath	ru	Анграт
Angrath	zhs	安戈斯
Angrath	zht	安戈斯
Antausia	de	Antausia
Antausia	es	Antausia
Antausia	fr	Antausia
Antausia	it	Antausia
Antausia	ja	アンタウシア
Antausia	pt	Antausia
Antausia	zhs	安陶西亚
Antelope	de	Antilope
Antelope	es	Antílope
Antelope	fr	antilope
Antelope	it	Antilope
Antelope	ja	アンテロープ
Antelope	ko	영양
Antelope	pt	Antílope
Antelope	ru	Антилопа
Antelope	zhs	羚羊
Antelope	zht	羚羊
Ape	de	Menschenaffe
Ape	es	Simio
Ape	fr	grand singe
Ape	it	Scimpanzé
Ape	ja	類人猿
Ape	ko	유인원
Ape	pt	Símio
Ape	ru	Обезьяна
Ape	zhs	猿猴
Ape	zht	猿猴
Arcane	de	Arkan
Arcane	es	Arcano
Arcane	fr	arcane
Arcane	it	Arcano
Arcane	ja	秘儀
Arcane	pt	Arcana
Arcane	ru	Тайные_знания
Arcane	zhs	古咒
Arcane	zht	古咒
Arcavios	de	Arcavios
Arcavios	es	Arcavios
Arcavios	fr	Arcavios
Arcavios	it	Arcavios
Arcavios	ja	アルケヴィオス
Arcavios	pt	Arcávios
Arcavios	zhs	阿凯维沃
Archer	de	Bogenschütze
Archer	es	Arquero
Archer	fr	archer
Archer	it	Arciere
Archer	ja	射手
Archer	ko	궁수
Archer	pt	Arqueiro
Archer	ru	Лучник
Archer	zhs	弓箭手
Archer	zht	弓箭手
Archon	de	Archon
Archon	es	Arconte
Archon	fr	archonte
Archon	it	Arconte
Archon	ja	執政官
Archon	ko	집정관
Archon	pt	Arconte
Archon	ru	Архонт
Archon	zhs	统领
Archon	zht	統領
Arkhos	de	Arkhos
Arkhos	es	Arkhos
Arkhos	fr	Arkhos
Arkhos	it	Arkhos
Arkhos	ja	アーコス
Arlinn	de	Arlinn
Arlinn	es	Arlinn
Arlinn	fr	Arlinn
Arlinn	it	Arlinn
Arlinn	ja	アーリン
Arlinn	ko	아를린
Arlinn	pt	Arlinn
Arlinn	ru	Арлинн
Arlinn	zhs	雅琳
Arlinn	zht	雅琳
Armadillo	de	Gürteltier
Armadillo	es	Armadillo
Armadillo	fr	tatou
Armadillo	it	Armadillo
Armadillo	ja	アルマジロ
Armadillo	pt	Tatu
Armadillo	zhs	犰狳
Artifact	de	Artefakt
Artifact	es	Artefacto
Artifact	fr	Artefact
Artifact	it	Artefatto
Artifact	ja	アーティファクト
Artifact	ko	마법물체
Artifact	ph	|CsYneDh CEpmt.
Artifact	pt	Artefato
Artifact	qya	
Artifact	ru	Артефакт
Artifact	zhs	神器
Artifact	zht	神器
Artifact Creature	de	Artefaktkreatur
Artifact Creature	es	Criatura artefacto
Artifact Creature	fr	Créature-artefact
Artifact Creature	it	Creatura Artefatto
Artifact Creature	ja	アーティファクト・クリーチャー
Artifact Creature	ko	마법물체 생물
Artifact Creature	ph	|CsYneDhfuDs fyrs,gSMUAS.
Artifact Creature	pt	Criatura Artefato
Artifact Creature	ru	Артефакт Существо
Artifact Creature	zhs	神器生物
Artifact Creature	zht	神器生物
Artifact Land	de	Artefakt, Land
Artifact Land	es	Tierra artefacto
Artifact Land	fr	Terrain-artefact
Artifact Land	it	Terra Artefatto
Artifact Land	ja	アーティファクト・土地
Artifact Land	ko	마법물체 대지
Artifact Land	pt	Terreno Artefato
Artifact Land	ru	Артефакт Земля
Artifact Land	zhs	神器地
Artifact Land	zht	神器地
Artificer	de	Handwerker
Artificer	es	Artífice
Artificer	fr	artificier
Artificer	it	Artefice
Artificer	ja	工匠
Artificer	ko	기능공
Artificer	pt	Artesão
Artificer	ru	Механик
Artificer	zhs	神器师
Artificer	zht	神器師
Ashiok	de	Ashiok
Ashiok	es	Ashiok
Ashiok	fr	Ashiok
Ashiok	it	Ashiok
Ashiok	ja	アショク
Ashiok	ko	아시오크
Ashiok	pt	Ashiok
Ashiok	ru	Ашиок
Ashiok	zhs	安梭苛
Ashiok	zht	安梭苛
Assassin	de	Assassine
Assassin	es	Asesino
Assassin	fr	assassin
Assassin	it	Assassino
Assassin	ja	暗殺者
Assassin	ko	암살자
Assassin	pt	Assassino
Assassin	ru	Убийца
Assassin	zhs	杀手
Assassin	zht	殺手
Assembly-Worker	de	Montagearbeiter
Assembly-Worker	es	Operario
Assembly-Worker	fr	ouvrier spécialisé
Assembly-Worker	it	Addetto-al-Montaggio
Assembly-Worker	ja	組立作業員
Assembly-Worker	ko	조립공
Assembly-Worker	pt	Operário de Linha de Montagem
Assembly-Worker	ru	Рабочий-Сборщик
Assembly-Worker	zhs	组装工人
Assembly-Worker	zht	組裝工人
Astartes	de	Astartes
Astartes	es	astartes
Astartes	fr	astartes
Astartes	it	Astartes
Astartes	ja	アスタルテス
Astartes	pt	Astartes
Astartes	zhs	阿斯塔特
Atog	de	Atog
Atog	es	Atog
Atog	fr	Atog
Atog	it	Atog
Atog	ja	エイトグ
Atog	pt	Atogue
Atog	ru	- Атог
Atog	zhs	阿托格
Aura	de	Aura
Aura	es	Aura
Aura	fr	aura
Aura	it	Aura
Aura	ja	オーラ
Aura	ko	마법진
Aura	pt	Aura
Aura	ru	Аура
Aura	zhs	灵气
Aura	zht	靈氣
Aurochs	de	Auerochse
Aurochs	es	Uro
Aurochs	fr	aurochs
Aurochs	it	Uri
Aurochs	ja	オーロクス
Aurochs	pt	Auroques
Aurochs	zhs	原牛
Avatar	de	Avatar
Avatar	es	Avatar
Avatar	fr	avatar
Avatar	it	Avatar
Avatar	ja	アバター
Avatar	ko	화신
Avatar	pt	Avatar
Avatar	ru	Аватара
Avatar	zhs	圣者
Avatar	zht	聖者
Avishkar	de	Kaladesh
Avishkar	es	Kaladesh
Avishkar	fr	Kaladesh
Avishkar	it	Kaladesh
Avishkar	ja	カラデシュ
Avishkar	pt	Kaladesh
Avishkar	zhs	卡拉德许
Azgol	de	Azgol
Azgol	es	Azgol
Azgol	fr	Azgol
Azgol	it	Azgol
Azgol	ja	アズゴル
Azra	de	Azra
Azra	es	azra
Azra	fr	azra
Azra	it	Azra
Azra	ja	アズラ
Azra	pt	Azra
Azra	ru	Азра
Azra	zhs	亚札人
Azra	zht	亞札人
Background	de	Hintergrund
Background	es	Trasfondo
Background	fr	passé
Background	it	Background
Background	ja	背景
Background	ko	배경
Background	pt	Antecedente
Background	ru	Предыстория
Background	zhs	身世
Background	zht	身世
Badger	de	Dachs
Badger	es	Tejón
Badger	fr	blaireau
Badger	it	Tasso
Badger	ja	アナグマ
Badger	ko	오소리
Badger	pt	Texugo
Badger	ru	Барсук
Badger	zhs	獾
Badger	zht	獾
Bahamut	de	Bahamut
Bahamut	es	Bahamut
Bahamut	fr	Bahamut
Bahamut	it	Bahamut
Bahamut	ja	バハムート
Bahamut	ko	바하무트
Bahamut	pt	Bahamut
Bahamut	ru	Бахамут
Bahamut	zhs	巴哈姆特
Bahamut	zht	巴哈姆特
Barbarian	de	Barbar
Barbarian	es	Bárbaro
Barbarian	fr	barbare
Barbarian	it	Barbaro
Barbarian	ja	バーバリアン
Barbarian	ko	야만인
Barbarian	pt	Bárbaro
Barbarian	ru	Варвар
Barbarian	zhs	野蛮人
Barbarian	zht	野蠻人
Bard	de	Barde
Bard	es	Bardo
Bard	fr	barde
Bard	it	Bardo
Bard	ja	バード
Bard	ko	음유시인
Bard	pt	Bardo
Bard	ru	Бард
Bard	zhs	诗人
Bard	zht	詩人
Basic Land	de	Standardland
Basic Land	es	Tierra básica
Basic Land	fr	Terrain de base
Basic Land	it	Terra Base
Basic Land	ja	基本土地
Basic Land	ko	기본 대지
Basic Land	ph	|zOPEDt,ZFGK Ceghm.
Basic Land	pt	Terreno Básico
Basic Land	ru	Базовая Земля
Basic Land	zhs	基本地
Basic Land	zht	基本地
Basic Snow Land	de	Verschneites Standardland
Basic Snow Land	es	Tierra básica nevada
Basic Snow Land	fr	Terrain neigeux de base
Basic Snow Land	it	Terra Neve Base
Basic Snow Land	ja	基本氷雪土地
Basic Snow Land	ko	기본 눈 대지
Basic Snow Land	pt	Terreno da Neve Básico
Basic Snow Land	ru	Базовая Снежная Земля
Basic Snow Land	zhs	雪境基本地
Basic Snow Land	zht	雪境基本地
Basilisk	de	Basilisk
Basilisk	es	Basilisco
Basilisk	fr	basilic
Basilisk	it	Basilisco
Basilisk	ja	バジリスク
Basilisk	ko	바실리스크
Basilisk	pt	Basilisco
Basilisk	ru	Василиск
Basilisk	zhs	蜥怪
Basilisk	zht	蜥怪
Basri	de	Basri
Basri	es	Basri
Basri	fr	Basri
Basri	it	Basri
Basri	ja	バスリ
Basri	ko	바스리
Basri	pt	Basri
Basri	ru	Базри
Basri	zhs	巴席利
Basri	zht	巴席利
Bat	de	Fledermaus
Bat	es	Murciélago
Bat	fr	chauve-souris
Bat	it	Pipistrello
Bat	ja	コウモリ
Bat	ko	박쥐
Bat	pt	Morcego
Bat	ru	Летучая_мышь
Bat	zhs	蝙蝠
Bat	zht	蝙蝠
Battle	de	Schlacht
Battle	es	Batalla
Battle	fr	Bataille
Battle	it	Battaglia
Battle	ja	バトル
Battle	pt	Batalha
Battle	zhs	战役
Bear	de	Bär
Bear	es	Oso
Bear	fr	ours
Bear	it	Orso
Bear	ja	熊
Bear	ko	곰
Bear	pt	Urso
Bear	ru	Медведь
Bear	zhs	熊
Bear	zht	熊
Beast	de	Bestie
Beast	es	Bestia
Beast	fr	bête
Beast	it	Bestia
Beast	ja	ビースト
Beast	ko	야수
Beast	pt	Besta
Beast	ru	Зверь
Beast	zhs	野兽
Beast	zht	野獸
Beeble	de	Bobbel
Beholder	de	Betrachter
Beholder	es	Contemplador
Beholder	fr	tyrannœil
Beholder	it	Beholder
Beholder	ja	ビホルダー
Beholder	ko	비홀더
Beholder	pt	Observador
Beholder	ru	Злобоглаз
Beholder	zhs	眼魔
Beholder	zht	眼魔
Belenon	de	Belenon
Belenon	es	Bélenon
Belenon	fr	Belenon
Belenon	it	Belenon
Belenon	ja	ベレノン
Berserker	de	Berserker
Berserker	es	Berserker
Berserker	fr	berserker
Berserker	it	Berserker
Berserker	ja	狂戦士
Berserker	ko	광전사
Berserker	pt	Amoque
Berserker	ru	Берсерк
Berserker	zhs	狂战士
Berserker	zht	狂戰士
Bird	de	Vogel
Bird	es	Ave
Bird	fr	oiseau
Bird	it	Uccello
Bird	ja	鳥
Bird	ko	조류
Bird	pt	Ave
Bird	ru	Птица
Bird	zhs	鸟
Bird	zht	鳥
Boar	de	Wildschwein
Boar	es	Jabalí
Boar	fr	sanglier
Boar	it	Cinghiale
Boar	ja	猪
Boar	ko	멧돼지
Boar	pt	Javali
Boar	ru	Вепрь
Boar	zhs	野猪
Boar	zht	野豬
Bobblehead	de	Wackelpuppe
Bobblehead	es	Cabezón
Bobblehead	fr	figurine
Bobblehead	it	Statuetta
Bobblehead	ja	ボブルヘッド
Bobblehead	zhs	娃娃
Bolas	de	Bolas
Bolas	es	Bolas
Bolas	fr	Bolas
Bolas	it	Bolas
Bolas	ja	ボーラス
Bolas	ko	볼라스
Bolas	pt	Nicol Bolas
Bolas	ru	Болас
Bolas	zhs	波拉斯
Bolas	zht	波拉斯
Bringer	de	Bringer
Bringer	es	Adalid
Bringer	fr	annonciateur
Bringer	it	Portatore
Bringer	ja	運び手
Bringer	pt	Portador
Bringer	zhs	信使
Brushwagg	de	Buschköter
Brushwagg	es	Yerbamala
Brushwagg	fr	bosquérisson
Brushwagg	it	Burlarbusto
Brushwagg	ja	ブラッシュワグ
Brushwagg	ko	브러시와그
Brushwagg	pt	Tojo
Brushwagg	ru	Брушвагг
Brushwagg	zhs	丛枝兽
Brushwagg	zht	叢枝獸
C'tan	de	C'tan
C'tan	es	C'tan
C'tan	fr	c'tan
C'tan	it	C'tan
C'tan	ja	ク＝タン
C'tan	pt	C'tan
C'tan	zhs	星神
Calix	de	Calix
Calix	es	Cálix
Calix	fr	Calix
Calix	it	Calix
Calix	ja	ケイリクス
Calix	ko	칼릭스
Calix	pt	Calix
Calix	ru	Каликс
Calix	zhs	凯利斯
Calix	zht	凱利斯
Camel	de	Kamel
Camel	es	Camello
Camel	fr	chameau
Camel	it	Cammello
Camel	ja	ラクダ
Camel	ko	낙타
Camel	pt	Camelo
Camel	ru	Верблюд
Camel	zhs	骆驼
Camel	zht	駱駝
Capenna	de	Capenna
Capenna	es	Capenna
Capenna	fr	Capenna
Capenna	it	Capenna
Capenna	ja	カペナ
Capenna	pt	Capenna
Capenna	zhs	卡佩纳
Capybara	de	Wasserschwein
Capybara	es	Capibara
Capybara	fr	capybara
Capybara	it	Capibara
Capybara	ja	カピバラ
Capybara	pt	Capivara
Capybara	zhs	水豚
Carrier	de	Überträger
Carrier	es	Portador
Carrier	fr	propagateur
Carrier	it	Latore
Carrier	ja	キャリアー
Carrier	zhs	病媒
Cartouche	de	Kartusche
Cartouche	es	cartucho
Cartouche	fr	cartouche
Cartouche	it	Cartiglio
Cartouche	ja	カルトーシュ
Cartouche	ko	카르투슈
Cartouche	pt	Cártula
Cartouche	ru	Картуш
Cartouche	zhs	魔符
Cartouche	zht	魔符
Case	de	Fall
Case	es	Caso
Case	fr	affaire
Case	it	Caso
Case	ja	事件
Case	pt	Caso
Case	zhs	案件
Cat	de	Katze
Cat	es	Felino
Cat	fr	chat
Cat	it	Felino
Cat	ja	猫
Cat	ko	고양이
Cat	pt	Felino
Cat	ru	Кошка
Cat	zhs	猫
Cat	zht	貓
Cave	de	Höhle
Cave	es	Cueva
Cave	fr	caverne
Cave	it	Caverna
Cave	ja	洞窟
Cave	pt	Caverna
Cave	zhs	洞窟
Centaur	de	Zentaur
Centaur	es	Centauro
Centaur	fr	centaure
Centaur	it	Centauro
Centaur	ja	ケンタウルス
Centaur	ko	켄타우로스
Centaur	pt	Centauro
Centaur	ru	Кентавр
Centaur	zhs	半人马
Centaur	zht	半人馬
Chandra	de	Chandra
Chandra	es	Chandra
Chandra	fr	Chandra
Chandra	it	Chandra
Chandra	ja	チャンドラ
Chandra	ko	찬드라
Chandra	pt	Chandra
Chandra	ru	Чандра
Chandra	zhs	茜卓
Chandra	zht	茜卓
Chimera	de	Chimäre
Chimera	es	Quimera
Chimera	fr	chimère
Chimera	it	Chimera
Chimera	ja	キマイラ
Chimera	ko	키메라
Chimera	pt	Quimera
Chimera	ru	Химера
Chimera	zhs	盖美拉
Chimera	zht	蓋美拉
Citizen	de	Bürger
Citizen	es	Ciudadano
Citizen	fr	citoyen
Citizen	it	Cittadino
Citizen	ja	市民
Citizen	ko	시민
Citizen	pt	Cidadão
Citizen	ru	Гражданин
Citizen	zhs	市民
Citizen	zht	市民
Class	de	Klasse
Class	es	Clase
Class	fr	classe
Class	it	Classe
Class	ja	クラス
Class	ko	직업
Class	pt	Classe
Class	ru	Класс
Class	zhs	职业
Class	zht	職業
Cleric	de	Kleriker
Cleric	es	Clérigo
Cleric	fr	clerc
Cleric	it	Chierico
Cleric	ja	クレリック
Cleric	ko	성직자
Cleric	pt	Clérigo
Cleric	ru	Священник
Cleric	zhs	僧侣
Cleric	zht	僧侶
Clown	de	Clown
Clown	es	Payaso
Clown	fr	clown
Clown	it	Clown
Clown	ja	道化師
Clue	de	Hinweis
Clue	es	Pista
Clue	fr	indice
Clue	it	Indizio
Clue	ja	手掛かり
Clue	ko	단서
Clue	pt	Pista
Clue	ru	Улика
Clue	zhs	线索
Clue	zht	線索
Cockatrice	de	Cocatrisk
Cockatrice	es	Cocatriz
Cockatrice	fr	cocatrix
Cockatrice	it	Coccatrice
Cockatrice	ja	コカトリス
Cockatrice	ko	코카트리스
Cockatrice	pt	Cocatriz
Cockatrice	ru	Куролиск
Cockatrice	zhs	石化鸡蛇
Cockatrice	zht	石化雞蛇
Conspiracy	ja	策略
Conspiracy	zhs	诡局
Construct	de	Konstrukt
Construct	es	Constructo
Construct	fr	construction
Construct	it	Costrutto
Construct	ja	構築物
Construct	ko	자동기계
Construct	pt	Constructo
Construct	ru	Конструкция
Construct	zhs	组构体
Construct	zht	組構體
Coward	de	Feigling
Coward	es	Cobarde
Coward	fr	couard
Coward	it	Vigliacco
Coward	ja	臆病者
Coward	ko	겁쟁이
Coward	pt	Covarde
Coward	ru	Трус
Coward	zhs	懦夫
Coward	zht	懦夫
Coyote	de	Kojote
Coyote	es	Coyote
Coyote	fr	coyote
Coyote	it	Coyote
Coyote	ja	コヨーテ
Coyote	pt	Coiote
Coyote	zhs	郊狼
Crab	de	Krabbe
Crab	es	Cangrejo
Crab	fr	crabe
Crab	it	Granchio
Crab	ja	カニ
Crab	ko	게
Crab	pt	Caranguejo
Crab	ru	Краб
Crab	zhs	蟹
Crab	zht	蟹
Creature	ar	مخلوق – باسلْ ليسك
Creature	de	Kreatur
Creature	es	Criatura
Creature	fr	Créature
Creature	grc	Θηρίον
Creature	he	יצור
Creature	it	Creatura
Creature	ja	クリーチャー
Creature	ko	생물
Creature	la	Animal
Creature	ph	|fuDs fyrs,DOnF%,ZYtc&FtA.
Creature	pt	Criatura
Creature	ru	Существо
Creature	sa	भूतम् पशु
Creature	zhs	生物
Creature	zht	生物
Cridhe	de	Cridhe
Cridhe	es	Cridhe
Cridhe	fr	Cridhe
Cridhe	it	Cridhe
Cridhe	ja	クリーデ
Cridhe	pt	Cridhe
Cridhe	zhs	克莱哲
Crocodile	de	Krokodil
Crocodile	es	Cocodrilo
Crocodile	fr	crocodile
Crocodile	it	Coccodrillo
Crocodile	ja	クロコダイル
Crocodile	ko	악어
Crocodile	pt	Crocodilo
Crocodile	ru	Крокодил
Crocodile	zhs	鳄鱼
Crocodile	zht	鱷魚
Curse	de	Fluch
Curse	es	maldición
Curse	fr	malédiction
Curse	it	Anatema
Curse	ja	呪い
Curse	ko	저주
Curse	pt	Maldição
Curse	ru	Проклятие
Curse	zhs	诅咒
Curse	zht	詛咒
Custodes	de	Custodes
Custodes	es	custodes
Custodes	fr	custodes
Custodes	it	Custodes
Custodes	ja	近衛団
Custodes	pt	Custodes
Custodes	zhs	禁军
Cyberman	de	Cyberman
Cyberman	fr	cyberman
Cyberman	ja	サイバーマン
Cyclops	de	Zyklop
Cyclops	es	Cíclope
Cyclops	fr	cyclope
Cyclops	it	Ciclope
Cyclops	ja	サイクロプス
Cyclops	ko	키클롭스
Cyclops	pt	Ciclope
Cyclops	ru	Циклоп
Cyclops	zhs	独眼巨人
Cyclops	zht	獨眼巨人
Dack	ja	ダク
Dack	zhs	戴克
Dakkon	de	Dakkon
Dakkon	es	Dakkon
Dakkon	fr	Dakkon
Dakkon	it	Dakkon
Dakkon	ja	ダッコン
Dakkon	ko	다콘
Dakkon	pt	Dakkon
Dakkon	ru	Даккон
Dakkon	zhs	达肯
Dakkon	zht	達肯
Dalek	de	Dalek
Dalek	fr	dalek
Dalek	ja	ダーレク
Daretti	de	Daretti
Daretti	es	Daretti
Daretti	fr	Daretti
Daretti	it	Daretti
Daretti	ja	ダレッティ
Daretti	pt	Daretti
Daretti	ru	Даретти
Daretti	zhs	达雷迪
Daretti	zht	達雷迪
Darillium	de	Darillium
Darillium	fr	Darillium
Darillium	ja	ダリリアム
Dauthi	de	Dauthi
Dauthi	es	dauti
Dauthi	fr	dauthi
Dauthi	it	Dauthi
Dauthi	ja	ダウスィー
Dauthi	pt	Dauthi
Dauthi	ru	Доути
Dauthi	zhs	道西
Dauthi	zht	道西
Davriel	de	Davriel
Davriel	es	Davriel
Davriel	fr	Davriel
Davriel	it	Davriel
Davriel	ja	ダブリエル
Davriel	ko	다브리엘
Davriel	pt	Davriel
Davriel	ru	Давриэль
Davriel	zhs	达夫黎
Davriel	zht	達夫黎
Demigod	de	Halbgott
Demigod	es	Semidiós
Demigod	fr	demi-dieu
Demigod	it	Semidio
Demigod	ja	亜神
Demigod	ko	반신
Demigod	pt	Semideus
Demigod	ru	Полубог
Demigod	zhs	半神
Demigod	zht	半神
Demon	de	Dämon
Demon	es	Demonio
Demon	fr	démon
Demon	it	Demone
Demon	ja	デーモン
Demon	ko	악마
Demon	pt	Demônio
Demon	ru	Демон
Demon	zhs	恶魔
Demon	zht	惡魔
Desert	de	Wüste
Desert	es	Desierto
Desert	fr	désert
Desert	it	Deserto
Desert	ja	砂漠
Desert	ko	사막
Desert	pt	Deserto
Desert	ru	Пустыня
Desert	zhs	沙漠
Desert	zht	沙漠
Detective	de	Detektiv
Detective	es	Detective
Detective	fr	détective
Detective	it	Detective
Detective	ja	探偵
Detective	pt	Detetive
Detective	zhs	侦探
Devil	de	Teufel
Devil	es	Diablo
Devil	fr	diable
Devil	it	Diavolo
Devil	ja	デビル
Devil	ko	악령
Devil	pt	Diabo
Devil	ru	Дьявол
Devil	zhs	魔鬼
Devil	zht	魔鬼
Dihada	de	Dihada
Dihada	es	Dihada
Dihada	fr	Dihada
Dihada	it	Dihada
Dihada	ja	ディハーダ
Dihada	ko	디하다
Dihada	pt	Dihada
Dihada	ru	Дихада
Dihada	zhs	迪哈达
Dihada	zht	迪哈達
Dinosaur	de	Dinosaurier
Dinosaur	es	Dinosaurio
Dinosaur	fr	dinosaure
Dinosaur	it	Dinosauro
Dinosaur	ja	恐竜
Dinosaur	ko	공룡
Dinosaur	pt	Dinossauro
Dinosaur	ru	Динозавр
Dinosaur	zhs	恐龙
Dinosaur	zht	恐龍
Djinn	de	Dschinn
Djinn	es	Djinn
Djinn	fr	djinn
Djinn	it	Genio
Djinn	ja	ジン
Djinn	ko	지니
Djinn	pt	Gênio
Djinn	ru	Джинн
Djinn	zhs	巨灵
Djinn	zht	巨靈
Doctor	de	Doctor
Doctor	es	Doctor
Doctor	fr	médecin
Doctor	it	Dottore
Doctor	ja	医者
Doctor	zhs	医生
Dog	de	Hund
Dog	es	Perro
Dog	fr	chien
Dog	it	Canide
Dog	ja	犬
Dog	ko	사냥개
Dog	pt	Cão
Dog	ru	Пес
Dog	zhs	狗
Dog	zht	獵犬
Dominaria	de	Dominaria
Dominaria	es	Dominaria
Dominaria	fr	Dominaria
Dominaria	it	Dominaria
Dominaria	ja	ドミナリア
Dominaria	pt	Dominária
Dominaria	zhs	多明纳里亚
Domri	de	Domri
Domri	es	Domri
Domri	fr	Domri
Domri	it	Domri
Domri	ja	ドムリ
Domri	ko	돔리
Domri	pt	Domri
Domri	ru	Домри
Domri	zhs	多密
Domri	zht	多密
Dovin	de	Dovin
Dovin	es	Dovin
Dovin	fr	Dovin
Dovin	it	Dovin
Dovin	ja	ドビン
Dovin	ko	도빈
Dovin	pt	Dovin
Dovin	ru	Довин
Dovin	zhs	多温
Dovin	zht	多溫
Dragon	de	Drache
Dragon	es	Dragón
Dragon	fr	dragon
Dragon	it	Drago
Dragon	ja	ドラゴン
Dragon	ko	용
Dragon	pt	Dragão
Dragon	ru	Дракон
Dragon	zhs	龙
Dragon	zht	龍
Drake	de	Sceada
Drake	es	Draco
Drake	fr	drakôn
Drake	it	Draghetto
Drake	ja	ドレイク
Drake	ko	드레이크
Drake	pt	Dragonete
Drake	ru	Дрейк
Drake	zhs	龙兽
Drake	zht	龍獸
Dreadnought	de	Schlachtschiff
Dreadnought	es	Acorazado
Dreadnought	fr	cuirassé
Dreadnought	it	Sterminatore
Dreadnought	ja	ドレッドノート
Dreadnought	pt	Couraçado
Dreadnought	zhs	无畏舰
Drone	de	Drohne
Drone	es	Zángano
Drone	fr	drone
Drone	it	Drone
Drone	ja	ドローン
Drone	ko	드론
Drone	pt	Zangão
Drone	ru	Дрон
Drone	zhs	奴兽
Drone	zht	奴獸
Druid	de	Druide
Druid	es	Druida
Druid	fr	druide
Druid	it	Druido
Druid	ja	ドルイド
Druid	ko	드루이드
Druid	pt	Druida
Druid	ru	Друид
Druid	zhs	德鲁伊
Druid	zht	德魯伊
Dryad	de	Dryade
Dryad	es	Dríada
Dryad	fr	dryade
Dryad	it	Driade
Dryad	ja	ドライアド
Dryad	ko	드라이어드
Dryad	pt	Dríade
Dryad	ru	Дриада
Dryad	zhs	树灵
Dryad	zht	樹靈
Dwarf	de	Zwerg
Dwarf	es	Enano
Dwarf	fr	nain
Dwarf	it	Nano
Dwarf	ja	ドワーフ
Dwarf	ko	드워프
Dwarf	pt	Anão
Dwarf	ru	Гном
Dwarf	zhs	矮人
Dwarf	zht	矮人
Earth	de	Erde
Earth	fr	Terre
Earth	ja	地球
Echoir	de	Echoir
Echoir	es	Echoir
Echoir	fr	Echoïr
Echoir	it	Echoir
Echoir	ja	エコワール
Echoir	pt	Echoir
Echoir	zhs	埃圭尔
Efreet	de	Ifrit
Efreet	es	Efrit
Efreet	fr	éfrit
Efreet	it	Efreet
Efreet	ja	イフリート
Efreet	ko	이프리트
Efreet	pt	Efrite
Efreet	ru	Ифрит
Efreet	zhs	魔神
Efreet	zht	魔神
Egg	de	Ei
Egg	es	Huevo
Egg	fr	œuf
Egg	it	Uovo
Egg	ja	卵
Egg	ko	알
Egg	pt	Ovo
Egg	ru	Яйцо
Egg	zhs	蛋
Egg	zht	蛋
Elder	de	Ältester
Elder	es	anciano
Elder	fr	ancêtre
Elder	it	Antico
Elder	ja	エルダー
Elder	ko	장로
Elder	pt	Ancião
Elder	ru	Старейшина
Elder	zhs	长老
Elder	zht	長老
Eldraine	de	Eldraine
Eldraine	es	Eldraine
Eldraine	fr	Eldraine
Eldraine	it	Eldraine
Eldraine	ja	エルドレイン
Eldraine	pt	Eldraine
Eldraine	zhs	艾卓
Eldrazi	de	Eldrazi
Eldrazi	es	Eldrazi
Eldrazi	fr	eldrazi
Eldrazi	it	Eldrazi
Eldrazi	ja	エルドラージ
Eldrazi	ko	엘드라지
Eldrazi	pt	Eldrazi
Eldrazi	ru	Эльдрази
Eldrazi	zhs	奥札奇
Eldrazi	zht	奧札奇
Elemental	de	Elementarwesen
Elemental	es	Elemental
Elemental	fr	élémental
Elemental	it	Elementale
Elemental	ja	エレメンタル
Elemental	ko	정령
Elemental	pt	Elemental
Elemental	ru	Элементаль
Elemental	zhs	元素
Elemental	zht	元素
Elephant	de	Elefant
Elephant	es	Elefante
Elephant	fr	éléphant
Elephant	it	Elefante
Elephant	ja	象
Elephant	ko	코끼리
Elephant	pt	Elefante
Elephant	ru	Слон
Elephant	zhs	象
Elephant	zht	象
Elf	de	Elf
Elf	es	Elfo
Elf	fr	elfe
Elf	it	Elfo
Elf	ja	エルフ
Elf	ko	엘프
Elf	pt	Elfo
Elf	ru	Эльф
Elf	zhs	妖精
Elf	zht	妖精
Elk	de	Hirsch
Elk	es	Alce
Elk	fr	élan
Elk	it	Alce
Elk	ja	大鹿
Elk	ko	엘크
Elk	pt	Alce
Elk	ru	Вапити
Elk	zhs	麋鹿
Elk	zht	麋鹿
Ellywick	de	Ellywick
Ellywick	es	Ellywick
Ellywick	fr	Ellywick
Ellywick	it	Ellywick
Ellywick	ja	エリーウィック
Ellywick	ko	엘리윅
Ellywick	pt	Ellywick
Ellywick	ru	Элливик
Ellywick	zhs	艾利薇
Ellywick	zht	艾利薇
Elminster	de	Elminster
Elminster	es	Elminster
Elminster	fr	Elminster
Elminster	it	Elminster
Elminster	ja	エルミンスター
Elminster	ko	엘민스터
Elminster	pt	Elminster
Elminster	ru	Эльминстер
Elminster	zhs	伊尔明斯特
Elminster	zht	伊爾明斯特
Elspeth	de	Elspeth
Elspeth	es	Elspeth
Elspeth	fr	Elspeth
Elspeth	it	Elspeth
Elspeth	ja	エルズペス
Elspeth	ko	엘스페스
Elspeth	pt	Elspeth
Elspeth	ru	Элспет
Elspeth	zhs	艾紫培
Elspeth	zht	艾紫培
Enchantment	de	Verzauberung
Enchantment	es	Encantamiento
Enchantment	fr	Enchantement
Enchantment	it	Incantesimo
Enchantment	ja	エンチャント
Enchantment	ko	부여마법
Enchantment	ph	|myZJ.
Enchantment	pt	Encantamento
Enchantment	ru	Чары
Enchantment	zhs	结界
Enchantment	zht	結界
Enchantment Creature	de	Verzauberungskreatur
Enchantment Creature	es	Criatura encantamiento
Enchantment Creature	fr	Créature-enchantement
Enchantment Creature	it	Creatura Incantesimo
Enchantment Creature	ja	クリーチャー・エンチャント
Enchantment Creature	ko	부여마법 생물
Enchantment Creature	pt	Criatura Encantamento
Enchantment Creature	ru	Чары Существо
Enchantment Creature	zhs	结界生物
Enchantment Creature	zht	結界生物
Enchantment Land	de	Verzauberungsland
Enchantment Land	es	Tierra encantamiento
Enchantment Land	fr	Terrain-enchantement
Enchantment Land	it	Terra Incantesimo
Enchantment Land	ja	土地・エンチャント
Enchantment Land	ko	부여마법 대지
Enchantment Land	pt	Terreno Encantamento
Enchantment Land	ru	Чары Земля
Enchantment Land	zhs	结界地
Enchantment Land	zht	結界地
Equilor	de	Equilor
Equilor	es	Equilor
Equilor	fr	Équilor
Equilor	it	Equilor
Equilor	ja	エクィロー
Equilor	pt	Equilor
Equilor	zhs	埃奎罗
Equipment	de	Ausrüstung
Equipment	es	Equipo
Equipment	fr	équipement
Equipment	it	Equipaggiamento
Equipment	ja	装備品
Equipment	ko	장비
Equipment	pt	Equipamento
Equipment	ru	Снаряжение
Equipment	zhs	武具
Equipment	zht	武具
Ergamon	de	Ergamon
Ergamon	es	Ergamon
Ergamon	fr	Ergamon
Ergamon	it	Ergamon
Ergamon	ja	エルガモン
Ergamon	pt	Ergamon
Ergamon	zhs	厄加蒙
Estrid	de	Estrid
Estrid	es	Estrid
Estrid	fr	Estrid
Estrid	it	Estrid
Estrid	ja	エストリッド
Estrid	pt	Estrid
Eye	de	Auge
Eye	es	Ojo
Eye	fr	œil
Eye	it	Occhio
Eye	ja	眼
Eye	ko	눈알
Eye	pt	Olho
Eye	ru	- Глаз
Eye	zhs	眼
Eye	zht	眼
Fabacin	de	Fabacin
Fabacin	es	Fábacin
Fabacin	fr	Fabacin
Fabacin	it	Fabacin
Fabacin	ja	ファバシン
Fabacin	pt	Fabacin
Fabacin	zhs	法巴辛
Faerie	de	Feenwesen
Faerie	es	Hada
Faerie	fr	peuple fée
Faerie	it	Spiritello
Faerie	ja	フェアリー
Faerie	ko	페어리
Faerie	pt	Fada
Faerie	ru	Фея
Faerie	zhs	仙灵
Faerie	zht	仙靈
Fiora	de	Fiora
Fiora	es	Fiora
Fiora	fr	Fiora
Fiora	it	Fiora
Fiora	ja	フィオーラ
Fiora	pt	Fiora
Fiora	zhs	翡欧拉
Fish	de	Fisch
Fish	es	Pez
Fish	fr	poisson
Fish	it	Pesce
Fish	ja	魚
Fish	ko	어류
Fish	pt	Peixe
Fish	ru	Рыба
Fish	zhs	鱼
Fish	zht	魚
Flagbearer	de	Fahnenträger
Flagbearer	fr	enseigne
Flagbearer	it	Portabandiera
Flagbearer	ja	旗手
Flagbearer	zhs	旗手
Food	de	Speise
Food	es	Comida
Food	fr	nourriture
Food	it	Cibo
Food	ja	食物
Food	ko	음식
Food	pt	Comida
Food	ru	Еда
Food	zhs	食品
Food	zht	食品
Forest	de	Wald
Forest	es	Bosque
Forest	fr	forêt
Forest	it	Foresta
Forest	ja	森
Forest	ko	숲
Forest	pt	Floresta
Forest	ru	Лес
Forest	zhs	树林
Forest	zht	樹林
Fortification	de	Befestigung
Fortification	es	Fortificación
Fortification	fr	fortification
Fortification	it	Fortificazione
Fortification	ja	城砦
Fortification	pt	Fortificação
Fortification	ru	Укрепление
Fortification	zhs	工事
Fox	de	Fuchs
Fox	es	Zorro
Fox	fr	renard
Fox	it	Volpe
Fox	ja	狐
Fox	ko	여우
Fox	pt	Raposa
Fox	ru	Лиса
Fox	zhs	狐
Fox	zht	狐
Fractal	de	Fraktalwesen
Fractal	es	Fractal
Fractal	fr	fractale
Fractal	it	Frattale
Fractal	ja	フラクタル
Fractal	pt	Fractal
Fractal	ru	Фрактал
Fractal	zhs	分灵
Fractal	zht	分靈
Freyalise	de	Freyalise
Freyalise	es	Freyalise
Freyalise	fr	Freyalise
Freyalise	it	Freyalise
Freyalise	ja	フレイアリーズ
Freyalise	pt	Freyalise
Freyalise	zhs	妃雅丽兹
Frog	de	Frosch
Frog	es	Rana
Frog	fr	grenouille
Frog	it	Rana
Frog	ja	カエル
Frog	ko	개구리
Frog	pt	Sapo
Frog	ru	Лягушка
Frog	zhs	蛙
Frog	zht	蛙
Fungus	de	Pilzwesen
Fungus	es	Hongo
Fungus	fr	fongus
Fungus	it	Fungus
Fungus	ja	ファンガス
Fungus	ko	진균
Fungus	pt	Fungo
Fungus	ru	Плесень
Fungus	zhs	真菌
Fungus	zht	真菌
Gallifrey	de	Gallifrey
Gallifrey	fr	Gallifrey
Gallifrey	ja	ギャリフレイ
Gargantikar	de	Gargantikar
Gargantikar	es	Gargantikar
Gargantikar	fr	Gargantikar
Gargantikar	it	Gargantikar
Gargantikar	ja	ガルガンティカール
Gargantikar	pt	Gargantikar
Gargantikar	zhs	庞巨地
Gargoyle	de	Gargoyle
Gargoyle	es	Gárgola
Gargoyle	fr	gargouille
Gargoyle	it	Gargoyle
Gargoyle	ja	ガーゴイル
Gargoyle	ko	가고일
Gargoyle	pt	Gárgula
Gargoyle	ru	Горгулья
Gargoyle	zhs	石像鬼
Gargoyle	zht	石像鬼
Garruk	de	Garruk
Garruk	es	Garruk
Garruk	fr	Garruk
Garruk	it	Garruk
Garruk	ja	ガラク
Garruk	ko	개럭
Garruk	pt	Garruk
Garruk	ru	Гаррук
Garruk	zhs	贾路
Garruk	zht	賈路
Gate	de	Tor
Gate	es	Portal
Gate	fr	porte
Gate	it	Cancello
Gate	ja	門
Gate	ko	관문
Gate	pt	Portão
Gate	ru	Врата
Gate	zhs	门
Gate	zht	門
Giant	de	Riese
Giant	es	Gigante
Giant	fr	géant
Giant	it	Gigante
Giant	ja	巨人
Giant	ko	거인
Giant	pt	Gigante
Giant	ru	Гигант
Giant	zhs	巨人
Giant	zht	巨人
Gideon	de	Gideon
Gideon	es	Gideon
Gideon	fr	Gideon
Gideon	it	Gideon
Gideon	ja	ギデオン
Gideon	ko	기디온
Gideon	pt	Gideon
Gideon	ru	Гидеон
Gideon	zhs	基定
Gideon	zht	基定
Gith	de	Gith
Gith	es	gith
Gith	fr	gith
Gith	it	Gith
Gith	ja	ギス
Gith	pt	Gith
Gith	ru	Гит
Gith	zhs	吉斯人
Gith	zht	吉斯人
Glimmer	de	Schimmer
Glimmer	es	Brillo
Glimmer	fr	nitescence
Glimmer	it	Barlume
Glimmer	ja	光霊
Gnoll	de	Gnoll
Gnoll	es	Gnoll
Gnoll	fr	gnoll
Gnoll	it	Gnoll
Gnoll	ja	ノール
Gnoll	ko	놀
Gnoll	pt	Gnoll
Gnoll	ru	Гнолл
Gnoll	zhs	豺狼人
Gnoll	zht	豺狼人
Gnome	de	Gnom
Gnome	es	Gnomo
Gnome	fr	gnome
Gnome	it	Gnomo
Gnome	ja	ノーム
Gnome	ko	놈
Gnome	pt	Gnomo
Gnome	ru	Карлик
Gnome	zhs	地侏
Gnome	zht	地侏
Goat	de	Ziege
Goat	es	Cabra
Goat	fr	chèvre
Goat	it	Capra
Goat	ja	ヤギ
Goat	ko	염소
Goat	pt	Bode
Goat	ru	Коза
Goat	zhs	山羊
Goat	zht	山羊
Gobakhan	de	Gobakhan
Gobakhan	es	Gobakhan
Gobakhan	fr	Gobakhan
Gobakhan	it	Gobakhan
Gobakhan	ja	ゴバカーン
Gobakhan	pt	Gobakhan
Gobakhan	zhs	高巴汗
Goblin	de	Goblin
Goblin	es	Trasgo
Goblin	fr	gobelin
Goblin	it	Goblin
Goblin	ja	ゴブリン
Goblin	ko	고블린
Goblin	pt	Goblin
Goblin	ru	Гоблин
Goblin	zhs	鬼怪
Goblin	zht	鬼怪
God	de	Gott
God	es	Deidad
God	fr	dieu
God	it	Dio
God	ja	神
God	ko	신
God	pt	Deus
God	ru	Бог
God	zhs	神
God	zht	神
Golem	de	Golem
Golem	es	Gólem
Golem	fr	golem
Golem	it	Golem
Golem	ja	ゴーレム
Golem	ko	골렘
Golem	pt	Golem
Golem	ru	Голем
Golem	zhs	魔像
Golem	zht	魔像
Gorgon	de	Gorgo
Gorgon	es	Gorgona
Gorgon	fr	gorgonoïde
Gorgon	it	Gorgone
Gorgon	ja	ゴルゴン
Gorgon	ko	고르곤
Gorgon	pt	Górgona
Gorgon	ru	Горгона
Gorgon	zhs	蛇发妖
Gorgon	zht	蛇髮妖
Gremlin	de	Gremlin
Gremlin	es	Gremlin
Gremlin	fr	gremlin
Gremlin	it	Gremlin
Gremlin	ja	グレムリン
Gremlin	ko	그렘린
Gremlin	pt	Gremlin
Gremlin	ru	Гремлин
Gremlin	zhs	怪灵
Gremlin	zht	怪靈
Griffin	de	Greif
Griffin	es	Grifo
Griffin	fr	griffon
Griffin	it	Grifone
Griffin	ja	グリフィン
Griffin	ko	그리핀
Griffin	pt	Grifo
Griffin	ru	Грифон
Griffin	zhs	狮鹫
Griffin	zht	獅鷲
Grist	de	Grist
Grist	es	Grist
Grist	fr	Grist
Grist	it	Grist
Grist	ja	グリスト
Grist	ko	그리스트
Grist	pt	Grist
Grist	ru	Грист
Grist	zhs	格蕊斯
Grist	zht	格蕊斯
Guff	de	Guff
Guff	fr	Calembredaine
Guff	ja	ガフ
Hag	de	Vettel
Hag	es	Saga
Hag	fr	mégère
Hag	it	Strega
Hag	ja	ハッグ
Hag	ko	노파
Hag	pt	Bruxa
Hag	ru	Карга
Hag	zhs	巫婆
Hag	zht	巫婆
Halfling	de	Halbling
Halfling	es	mediano
Halfling	fr	halfelin
Halfling	it	Halfling
Halfling	ja	ハーフリング
Halfling	ko	하플링
Halfling	pt	Pequenino
Halfling	ru	Полурослик
Halfling	zhs	半身人
Halfling	zht	半身人
Harpy	de	Harpyie
Harpy	es	Arpía
Harpy	fr	harpie
Harpy	it	Arpia
Harpy	ja	ハーピー
Harpy	ko	하피
Harpy	pt	Harpia
Harpy	ru	Гарпия
Harpy	zhs	哈痞
Harpy	zht	哈痞
Hellion	de	Teufelsbraten
Hellion	es	Infernal
Hellion	fr	monstruosité
Hellion	it	Infernale
Hellion	ja	ヘリオン
Hellion	ko	헬리온
Hellion	pt	Avernal
Hellion	ru	Геллион
Hellion	zhs	地狱兽
Hellion	zht	地獄獸
Hippo	de	Flusspferd
Hippo	es	Hipopótamo
Hippo	fr	hippopotame
Hippo	it	Ippopotamo
Hippo	ja	カバ
Hippo	ko	하마
Hippo	pt	Hipopótamo
Hippo	ru	Бегемот
Hippo	zhs	河马
Hippo	zht	河馬
Hippogriff	de	Hippogryph
Hippogriff	es	Hipogrifo
Hippogriff	fr	hippogriffe
Hippogriff	it	Ippogrifo
Hippogriff	ja	ヒポグリフ
Hippogriff	ko	히포그리프
Hippogriff	pt	Hipogrifo
Hippogriff	ru	Гиппогриф
Hippogriff	zhs	骏鹰
Hippogriff	zht	駿鷹
Homarid	de	Homarid
Homarid	es	homárido
Homarid	fr	homaride
Homarid	it	Homarid
Homarid	ja	ホマリッド
Homarid	ko	호마리드
Homarid	pt	Homárida
Homarid	ru	Хомарид
Homarid	zhs	荷马利
Homarid	zht	荷馬利
Homunculus	de	Homunkulus
Homunculus	es	Homúnculo
Homunculus	fr	homoncule
Homunculus	it	Omuncolo
Homunculus	ja	ホムンクルス
Homunculus	ko	호문쿨루스
Homunculus	pt	Homúnculo
Homunculus	ru	Гомункул
Homunculus	zhs	造妖
Homunculus	zht	造妖
Horror	de	Schrecken
Horror	es	Horror
Horror	fr	horreur
Horror	it	Orrore
Horror	ja	ホラー
Horror	ko	괴수
Horror	pt	Horror
Horror	ru	Ужас
Horror	zhs	惊惧兽
Horror	zht	驚懼獸
Horse	de	Pferd
Horse	es	Caballo
Horse	fr	cheval
Horse	it	Cavallo
Horse	ja	馬
Horse	ko	말
Horse	pt	Cavalo
Horse	ru	Лошадь
Horse	zhs	马
Horse	zht	馬
Huatli	de	Huatli
Huatli	es	Huatli
Huatli	fr	Huatli
Huatli	it	Huatli
Huatli	ja	ファートリ
Huatli	ko	화틀리
Huatli	pt	Huatli
Huatli	ru	Уатли
Huatli	zhs	华特莉
Huatli	zht	華特莉
Human	de	Mensch
Human	es	Humano
Human	fr	humain
Human	it	Umano
Human	ja	人間
Human	ko	인간
Human	pt	Humano
Human	ru	Человек
Human	zhs	人类
Human	zht	人類
Hydra	de	Hydra
Hydra	es	Hidra
Hydra	fr	hydre
Hydra	it	Idra
Hydra	ja	ハイドラ
Hydra	ko	히드라
Hydra	pt	Hidra
Hydra	ru	Гидра
Hydra	zhs	多头龙
Hydra	zht	多頭龍
Hyena	de	Hyäne
Hyena	es	Hiena
Hyena	fr	hyène
Hyena	it	Iena
Hyena	ja	ハイエナ
Hyena	ko	하이에나
Hyena	pt	Hiena
Hyena	ru	Гиена
Hyena	zhs	鬣狗
Hyena	zht	鬣狗
Ikoria	de	Ikoria
Ikoria	es	Ikoria
Ikoria	fr	Ikoria
Ikoria	it	Ikoria
Ikoria	ja	イコリア
Ikoria	pt	Ikoria
Ikoria	zhs	依克黎
Illusion	de	Illusion
Illusion	es	Ilusión
Illusion	fr	illusion
Illusion	it	Illusione
Illusion	ja	イリュージョン
Illusion	ko	환영
Illusion	pt	Ilusão
Illusion	ru	Иллюзия
Illusion	zhs	虚影
Illusion	zht	虛影
Imp	de	Bold
Imp	es	Diablillo
Imp	fr	diablotin
Imp	it	Imp
Imp	ja	インプ
Imp	ko	임프
Imp	pt	Diabrete
Imp	ru	Бес
Imp	zhs	小恶魔
Imp	zht	小惡魔
Incarnation	de	Inkarnation
Incarnation	es	Encarnación
Incarnation	fr	incarnation
Incarnation	he	התגלמות
Incarnation	it	Incarnazione
Incarnation	ja	インカーネーション
Incarnation	ko	현신
Incarnation	pt	Encarnação
Incarnation	ru	Инкарнация
Incarnation	zhs	化身
Incarnation	zht	化身
Innistrad	de	Innistrad
Innistrad	es	Innistrad
Innistrad	fr	Innistrad
Innistrad	it	Innistrad
Innistrad	ja	イニストラード
Innistrad	pt	Innistrad
Innistrad	zhs	依尼翠
Inquisitor	de	Inquisitor
Inquisitor	es	Inquisidor
Inquisitor	fr	inquisiteur
Inquisitor	it	Inquisitore
Inquisitor	ja	異端審問官
Inquisitor	pt	Inquisidor
Inquisitor	zhs	审判官
Insect	de	Insekt
Insect	es	Insecto
Insect	fr	insecte
Insect	it	Insetto
Insect	ja	昆虫
Insect	ko	곤충
Insect	pt	Inseto
Insect	ru	Насекомое
Insect	zhs	昆虫
Insect	zht	昆蟲
Instant	de	Spontanzauber
Instant	es	Instantáneo
Instant	fr	Éphémère
Instant	it	Istantaneo
Instant	ja	インスタント
Instant	ko	순간마법
Instant	ph	|&EhcMYmL.
Instant	pt	Mágica Instantânea
Instant	ru	Мгновенное заклинание
Instant	zhs	瞬间
Instant	zht	瞬間
Iquatana	de	Iquatana
Iquatana	es	Iquatana
Iquatana	fr	Iquatana
Iquatana	it	Iquatana
Iquatana	ja	イクァターナ
Iquatana	pt	Iquatana
Iquatana	zhs	伊夸塔纳
Ir	de	Ir
Ir	es	Ir
Ir	fr	Ir
Ir	it	Ir
Ir	ja	アー
Ir	pt	Ir
Ir	zhs	伊尔
Island	de	Insel
Island	es	Isla
Island	fr	île
Island	it	Isola
Island	ja	島
Island	ko	섬
Island	pt	Ilha
Island	ru	Остров
Island	zhs	海岛
Island	zht	海島
Ixalan	de	Ixalan
Ixalan	es	Ixalan
Ixalan	fr	Ixalan
Ixalan	it	Ixalan
Ixalan	ja	イクサラン
Ixalan	pt	Ixalan
Ixalan	zhs	依夏兰
Jace	de	Jace
Jace	es	Jace
Jace	fr	Jace
Jace	it	Jace
Jace	ja	ジェイス
Jace	ko	제이스
Jace	pt	Jace
Jace	ru	Джейс
Jace	zhs	杰斯
Jace	zht	傑斯
Jackal	de	Hund
Jackal	es	Perro
Jackal	fr	chien de chasse
Jackal	it	Segugio
Jackal	ja	猟犬
Jackal	ko	자칼
Jackal	pt	Sabujo
Jackal	ru	Пес
Jackal	zhs	豺狼
Jackal	zht	豺狼
Jared	de	Jared
Jared	es	Jared
Jared	fr	Jared
Jared	it	Jared
Jared	ja	ジャレッド
Jared	pt	Jared
Jared	zhs	贾瑞
Jaya	de	Jaya
Jaya	es	Jaya
Jaya	fr	Jaya
Jaya	it	Jaya
Jaya	ja	ヤヤ
Jaya	ko	자야
Jaya	pt	Jaya
Jaya	ru	Джайя
Jaya	zhs	雅亚
Jaya	zht	雅亞
Jellyfish	de	Qualle
Jellyfish	es	Medusa
Jellyfish	fr	méduse
Jellyfish	it	Medusa
Jellyfish	ja	クラゲ
Jellyfish	ko	해파리
Jellyfish	pt	Água-viva
Jellyfish	ru	Медуза
Jellyfish	zhs	水母
Jellyfish	zht	水母
Jeska	de	Jeska
Jeska	es	Jeska
Jeska	fr	Jeska
Jeska	it	Jeska
Jeska	ja	ジェスカ
Jeska	pt	Jeska
Jeska	zhs	洁丝卡
Jeska	zht	潔絲卡
Juggernaut	de	Juggernaut
Juggernaut	es	Destructor
Juggernaut	fr	djaggernaut
Juggernaut	it	Juggernaut
Juggernaut	ja	巨大戦車
Juggernaut	ko	공성차
Juggernaut	pt	Juggernaut
Juggernaut	ru	Джаггернаут
Juggernaut	zhs	攻城巨车
Juggernaut	zht	攻城巨車
Kaito	de	Kaito
Kaito	es	Kaito
Kaito	fr	Kaito
Kaito	it	Kaito
Kaito	ja	魁渡
Kaito	ko	카이토
Kaito	pt	Kaito
Kaito	ru	Кайто
Kaito	zhs	魁渡
Kaito	zht	魁渡
Kaldheim	de	Kaldheim
Kaldheim	es	Kaldheim
Kaldheim	fr	Kaldheim
Kaldheim	it	Kaldheim
Kaldheim	ja	カルドハイム
Kaldheim	pt	Kaldheim
Kaldheim	zhs	凯德海姆
Kamigawa	de	Kamigawa
Kamigawa	es	Kamigawa
Kamigawa	fr	Kamigawa
Kamigawa	it	Kamigawa
Kamigawa	ja	神河
Kamigawa	pt	Kamigawa
Kamigawa	zhs	神河
Kandoka	de	Kandoka
Kandoka	fr	Kandoka
Kandoka	ja	カンドカ
Karn	de	Karn
Karn	es	Karn
Karn	fr	Karn
Karn	it	Karn
Karn	ja	カーン
Karn	ko	카른
Karn	pt	Karn
Karn	ru	Карн
Karn	zhs	卡恩
Karn	zht	卡恩
Kasmina	de	Kasmina
Kasmina	es	Kasmina
Kasmina	fr	Kasmina
Kasmina	it	Kasmina
Kasmina	ja	カズミナ
Kasmina	ko	카스미나
Kasmina	pt	Kasmina
Kasmina	ru	Касмина
Kasmina	zhs	克蜜娜
Kasmina	zht	克蜜娜
Kavu	de	Kavu
Kavu	es	Kavu
Kavu	fr	kavru
Kavu	it	Kavu
Kavu	ja	カヴー
Kavu	ko	카부
Kavu	la	Kavu
Kavu	pt	Kavu
Kavu	ru	Каву
Kavu	zhs	卡甫
Kavu	zht	卡甫
Kaya	de	Kaya
Kaya	es	Kaya
Kaya	fr	Kaya
Kaya	it	Kaya
Kaya	ja	ケイヤ
Kaya	ko	카야
Kaya	pt	Kaya
Kaya	ru	Кайя
Kaya	zhs	卡娅
Kaya	zht	卡婭
Kephalai	de	Kephalai
Kephalai	es	Kephalai
Kephalai	fr	Kephalai
Kephalai	it	Kephalai
Kephalai	ja	ケファライ
Kindred Artifact	de	Stammes-Artefakt
Kindred Artifact	es	Artefacto tribal
Kindred Artifact	fr	Artefact tribal
Kindred Artifact	it	Artefatto Tribale
Kindred Artifact	ja	部族アーティファクト
Kindred Artifact	ko	종족 마법물체
Kindred Artifact	pt	Artefato Tribal
Kindred Artifact	ru	Племенной Артефакт
Kindred Artifact	zhs	部族神器
Kindred Artifact	zht	部族神器
Kindred Enchantment	de	Stammes-Verzauberung
Kindred Enchantment	es	Encantamiento tribal
Kindred Enchantment	fr	Enchantement tribal
Kindred Enchantment	it	Incantesimo Tribale
Kindred Enchantment	ja	部族・エンチャント
Kindred Enchantment	pt	Encantamento Tribal
Kindred Enchantment	ru	Племенные Чары
Kindred Enchantment	zhs	部族结界
Kindred Enchantment	zht	部族結界
Kindred Instant	de	Stammes-Spontanzauber
Kindred Instant	es	Instantáneo tribal
Kindred Instant	fr	Éphémère tribal
Kindred Instant	it	Istantaneo Tribale
Kindred Instant	ja	部族インスタント
Kindred Instant	pt	Mágica Instantânea Tribal
Kindred Instant	ru	Племенное Мгновенное заклинание
Kindred Instant	zhs	部族瞬间
Kindred Instant	zht	部族瞬間
Kindred Sorcery	de	Stammes-Hexerei
Kindred Sorcery	es	Conjuro tribal
Kindred Sorcery	fr	Rituel tribal
Kindred Sorcery	it	Stregoneria Tribale
Kindred Sorcery	ja	部族ソーサリー
Kindred Sorcery	pt	Feitiço Tribal
Kindred Sorcery	ru	Племенное Волшебство
Kindred Sorcery	zhs	部族法术
Kindred Sorcery	zht	部族巫術
Kiora	de	Kiora
Kiora	es	Kiora
Kiora	fr	Kiora
Kiora	it	Kiora
Kiora	ja	キオーラ
Kiora	ko	키오라
Kiora	pt	Kiora
Kiora	ru	Киора
Kiora	zhs	奇奥拉
Kiora	zht	奇奧拉
Kirin	de	Kirin
Kirin	es	Kirin
Kirin	fr	kirin
Kirin	it	Kirin
Kirin	ja	麒麟
Kirin	ko	기린
Kirin	pt	Kirin
Kirin	ru	Кирин
Kirin	zhs	麒麟
Kirin	zht	麒麟
Kithkin	de	Kithkin
Kithkin	es	Kithkin
Kithkin	fr	sangami
Kithkin	it	Kithkin
Kithkin	ja	キスキン
Kithkin	ko	키스킨
Kithkin	pt	Kithkin
Kithkin	ru	Кискен
Kithkin	zhs	洁英
Kithkin	zht	潔英
Knight	de	Ritter
Knight	es	Caballero
Knight	fr	chevalier
Knight	it	Cavaliere
Knight	ja	騎士
Knight	ko	기사
Knight	pt	Cavaleiro
Knight	ru	Рыцарь
Knight	zhs	骑士
Knight	zht	騎士
Kobold	de	Kobold
Kobold	es	Kóbold
Kobold	fr	kobold
Kobold	it	Coboldo
Kobold	ja	コボルド
Kobold	ko	코볼드
Kobold	pt	Kobold
Kobold	ru	Кобольд
Kobold	zhs	鬼崽
Kobold	zht	鬼崽
Kolbahan	de	Kolbahan
Kolbahan	es	Kólbahan
Kolbahan	fr	Kolbahan
Kolbahan	it	Kolbahan
Kolbahan	ja	コルバハン
Kor	de	Kor
Kor	es	kor
Kor	fr	kor
Kor	it	Kor
Kor	ja	コー
Kor	ko	코르
Kor	pt	Kor
Kor	ru	Кор
Kor	zhs	寇族
Kor	zht	寇族
Koth	de	Koth
Koth	es	Koth
Koth	fr	Koth
Koth	it	Koth
Koth	ja	コス
Koth	pt	Koth
Koth	ru	Кос
Koth	zhs	寇斯
Koth	zht	寇斯
Kraken	de	Krake
Kraken	es	Kraken
Kraken	fr	kraken
Kraken	it	Kraken
Kraken	ja	クラーケン
Kraken	ko	크라켄
Kraken	pt	Kraken
Kraken	ru	Кракен
Kraken	zhs	巨海兽
Kraken	zht	巨海獸
Kylem	de	Kylem
Kylem	es	Kylem
Kylem	fr	Kylem
Kylem	it	Kylem
Kylem	ja	ケイレム
Kylem	pt	Kylem
Kylem	zhs	凯勒姆
Kyneth	de	Kyneth
Kyneth	es	Kyneth
Kyneth	fr	Kyneth
Kyneth	it	Kyneth
Kyneth	ja	キネス
Lair	de	Hort
Lair	es	Cubil
Lair	fr	repaire
Lair	it	Tana
Lair	ja	棲み家
Lair	pt	Covil
Lair	zhs	巢穴
Lamia	de	Lamia
Lamia	es	Lamia
Lamia	fr	lamie
Lamia	it	Lamia
Lamia	ja	ラミア
Lamia	ko	라미아
Lamia	pt	Lâmia
Lamia	ru	Ламия
Lamia	zhs	拉弥亚
Lamia	zht	拉彌亞
Lammasu	de	Lammasu
Lammasu	es	Lammasu
Lammasu	fr	lamassu
Lammasu	it	Lammasu
Lammasu	ja	ラマスー
Lammasu	ko	라마수
Lammasu	pt	Lammasu
Lammasu	ru	Ламмасу
Lammasu	zhs	拉玛苏
Lammasu	zht	拉瑪蘇
Land	de	Land
Land	es	Tierra
Land	fr	Terrain
Land	it	Terra
Land	ja	土地
Land	ko	대지
Land	ph	|ZFGK.
Land	pt	Terreno
Land	ru	Земля
Land	zhs	地
Land	zht	地
Land Creature	de	Landkreatur
Land Creature	es	Tierra criatura
Land Creature	fr	Créature-terrain
Land Creature	it	Creatura Terra
Land Creature	ja	土地・クリーチャー
Land Creature	pt	Criatura Terreno
Land Creature	ru	Земля Существо
Land Creature	zhs	地生物
Land Creature	zht	地生物
Leech	de	Egel
Leech	es	Sanguijuela
Leech	fr	sangsue
Leech	it	Sanguisuga
Leech	ja	ヒル
Leech	ko	거머리
Leech	pt	Sanguessuga
Leech	ru	Пиявка
Leech	zhs	蛭
Leech	zht	蛭
Legendary Artifact	de	Legendäres Artefakt
Legendary Artifact	es	Artefacto legendario
Legendary Artifact	fr	Artefact légendaire
Legendary Artifact	it	Artefatto Leggendario
Legendary Artifact	ja	伝説のアーティファクト
Legendary Artifact	ko	전설적 마법물체
Legendary Artifact	pt	Artefato Lendário
Legendary Artifact	qya	 
Legendary Artifact	ru	Легендарный Артефакт
Legendary Artifact	zhs	传奇神器
Legendary Artifact	zht	傳奇神器
Legendary Artifact Creature	de	Legendäre Artefaktkreatur
Legendary Artifact Creature	es	Criatura artefacto legendaria
Legendary Artifact Creature	fr	Créature-artefact légendaire
Legendary Artifact Creature	it	Creatura Artefatto Leggendaria
Legendary Artifact Creature	ja	伝説のアーティファクト・クリーチャー
Legendary Artifact Creature	ko	전설적 마법물체 생물
Legendary Artifact Creature	pt	Criatura Artefato Lendária
Legendary Artifact Creature	ru	Легендарный Артефакт Существо
Legendary Artifact Creature	zhs	传奇神器生物
Legendary Artifact Creature	zht	傳奇神器生物
Legendary Artifact Land	de	Legendäres Artefaktland
Legendary Artifact Land	es	Tierra artefacto legendaria
Legendary Artifact Land	fr	Terrain-artefact légendaire
Legendary Artifact Land	it	Terra Artefatto Leggendaria
Legendary Artifact Land	ja	伝説のアーティファクト・土地
Legendary Artifact Land	pt	Terreno Artefato Lendário
Legendary Artifact Land	zhs	传奇神器地
Legendary Artifact Planeswalker	de	Legendärer Artefakt-Planeswalker
Legendary Artifact Planeswalker	es	Planeswalker artefacto legendario
Legendary Artifact Planeswalker	fr	Planeswalker-artefact légendaire
Legendary Artifact Planeswalker	it	Planeswalker Artefatto Leggendario
Legendary Artifact Planeswalker	ja	伝説のアーティファクト・プレインズウォーカー
Legendary Creature	de	Legendäre Kreatur
Legendary Creature	es	Criatura legendaria
Legendary Creature	fr	Créature légendaire
Legendary Creature	grc	Μυθικὸν ὄν
Legendary Creature	it	Creatura Leggendaria
Legendary Creature	ja	伝説のクリーチャー
Legendary Creature	ko	전설적 생물
Legendary Creature	ph	|MewkfuDs fyrs,psewtr.
Legendary Creature	pt	Criatura Lendária
Legendary Creature	ru	Легендарное Существо
Legendary Creature	zhs	传奇生物
Legendary Creature	zht	傳奇生物
Legendary Enchantment	de	Legendäre Verzauberung
Legendary Enchantment	es	Encantamiento legendario
Legendary Enchantment	fr	Enchantement légendaire
Legendary Enchantment	it	Incantesimo Leggendario
Legendary Enchantment	ja	伝説のエンチャント
Legendary Enchantment	ko	전설적 부여마법
Legendary Enchantment	pt	Encantamento Lendário
Legendary Enchantment	ru	Легендарные Чары
Legendary Enchantment	zhs	传奇结界
Legendary Enchantment	zht	傳奇結界
Legendary Enchantment Artifact	de	Legendäres Verzauberungsartefakt
Legendary Enchantment Artifact	es	Artefacto encantamiento legendario
Legendary Enchantment Artifact	fr	Artefact-enchantement légendaire
Legendary Enchantment Artifact	it	Artefatto Incantesimo Leggendario
Legendary Enchantment Artifact	ja	伝説のアーティファクト・エンチャント
Legendary Enchantment Artifact	ko	전설적 부여마법 마법물체
Legendary Enchantment Artifact	pt	Artefato Encantamento Lendário
Legendary Enchantment Artifact	ru	Легендарные Чары Артефакт
Legendary Enchantment Artifact	zhs	传奇结界神器
Legendary Enchantment Artifact	zht	傳奇結界神器
Legendary Enchantment Creature	de	Legendäre Verzauberungskreatur
Legendary Enchantment Creature	es	Criatura encantamiento legendaria
Legendary Enchantment Creature	fr	Créature-enchantement légendaire
Legendary Enchantment Creature	it	Creatura Incantesimo Leggendaria
Legendary Enchantment Creature	ja	伝説のクリーチャー・エンチャント
Legendary Enchantment Creature	ko	전설적 부여마법 생물
Legendary Enchantment Creature	pt	Criatura Encantamento Lendária
Legendary Enchantment Creature	ru	Легендарные Чары Существо
Legendary Enchantment Creature	zhs	传奇结界生物
Legendary Enchantment Creature	zht	傳奇結界生物
Legendary Instant	de	Legendärer Spontanzauber
Legendary Instant	es	Instantáneo legendario
Legendary Instant	fr	éphémère légendaire
Legendary Instant	it	Istantaneo Leggendario
Legendary Instant	ja	伝説のインスタント
Legendary Instant	pt	Mágica Instantânea Lendária
Legendary Instant	zhs	传奇瞬间
Legendary Land	de	Legendäres Land
Legendary Land	es	Tierra legendaria
Legendary Land	fr	Terrain légendaire
Legendary Land	it	Terra Leggendaria
Legendary Land	ja	伝説の土地
Legendary Land	ko	전설적 대지
Legendary Land	pt	Terreno Lendário
Legendary Land	ru	Легендарная Земля
Legendary Land	zhs	传奇地
Legendary Land	zht	傳奇地
Legendary Planeswalker	de	Legendärer Planeswalker
Legendary Planeswalker	es	Planeswalker legendario
Legendary Planeswalker	fr	Planeswalker légendaire
Legendary Planeswalker	it	Planeswalker Leggendario
Legendary Planeswalker	ja	伝説のプレインズウォーカー
Legendary Planeswalker	ko	전설적 플레인즈워커
Legendary Planeswalker	ph	|MewknmQYpmunt auL.
Legendary Planeswalker	pt	Planeswalker Lendário
Legendary Planeswalker	ru	Легендарный Planeswalker
Legendary Planeswalker	zhs	传奇鹏洛客
Legendary Planeswalker	zht	傳奇鵬洛客
Legendary Snow Artifact	de	Legendäres verschneites Artefakt
Legendary Snow Artifact	es	Artefacto nevado legendario
Legendary Snow Artifact	fr	Artefact neigeux légendaire
Legendary Snow Artifact	it	Artefatto Neve Leggendario
Legendary Snow Artifact	ja	伝説の氷雪アーティファクト
Legendary Snow Artifact	ko	전설적 눈 마법물체
Legendary Snow Artifact	pt	Artefato da Neve Lendário
Legendary Snow Artifact	ru	Легендарный Снежный Артефакт
Legendary Snow Artifact	zhs	传奇雪境神器
Legendary Snow Artifact	zht	傳奇雪境神器
Legendary Snow Creature	de	Legendäre verschneite Kreatur
Legendary Snow Creature	es	Criatura nevada legendaria
Legendary Snow Creature	fr	Créature neigeuse légendaire
Legendary Snow Creature	it	Creatura Neve Leggendaria
Legendary Snow Creature	ja	伝説の氷雪クリーチャー
Legendary Snow Creature	ko	전설적 눈 생물
Legendary Snow Creature	pt	Criatura da Neve Lendária
Legendary Snow Creature	ru	Легендарное Снежное Существо
Legendary Snow Creature	zhs	传奇雪境生物
Legendary Snow Creature	zht	傳奇雪境生物
Legendary Snow Enchantment	de	Legendäre verschneite Verzauberung
Legendary Snow Enchantment	es	Encantamiento nevado legendario
Legendary Snow Enchantment	fr	Enchantement neigeux légendaire
Legendary Snow Enchantment	it	Incantesimo Neve Leggendario
Legendary Snow Enchantment	ja	伝説の氷雪エンチャント
Legendary Snow Enchantment	ko	전설적 눈 부여마법
Legendary Snow Enchantment	pt	Encantamento Lendário da Neve
Legendary Snow Enchantment	ru	Легендарные Снежные Чары
Legendary Snow Enchantment	zhs	传奇雪境结界
Legendary Snow Enchantment	zht	傳奇雪境結界
Legendary Snow Land	de	Legendäres verschneites Land
Legendary Snow Land	es	Tierra nevada legendaria
Legendary Snow Land	fr	Terrain neigeux légendaire
Legendary Snow Land	it	Terra Neve Leggendaria
Legendary Snow Land	ja	伝説の氷雪土地
Legendary Snow Land	pt	Terreno da Neve Lendário
Legendary Snow Land	zhs	传奇雪境地
Legendary Sorcery	de	Legendäre Hexerei
Legendary Sorcery	es	Conjuro legendario
Legendary Sorcery	fr	Rituel légendaire
Legendary Sorcery	it	Stregoneria Leggendaria
Legendary Sorcery	ja	伝説のソーサリー
Legendary Sorcery	ko	전설적 집중마법
Legendary Sorcery	pt	Feitiço Lendário
Legendary Sorcery	ru	Легендарное Волшебство
Legendary Sorcery	zhs	传奇法术
Legendary Sorcery	zht	傳奇巫術
Lesson	de	Lektion
Lesson	es	Lección
Lesson	fr	leçon
Lesson	it	Lezione
Lesson	ja	講義
Lesson	ko	수업
Lesson	pt	Lição
Lesson	ru	Урок
Lesson	zhs	课程
Lesson	zht	課程
Leviathan	de	Leviathan
Leviathan	es	Leviatán
Leviathan	fr	léviathan
Leviathan	it	Leviatano
Leviathan	ja	リバイアサン
Leviathan	ko	리바이어던
Leviathan	pt	Leviatã
Leviathan	ru	Левиафан
Leviathan	zhs	海怪
Leviathan	zht	海怪
Lhurgoyf	de	Lhurgoyf
Lhurgoyf	es	Lhurgoyf
Lhurgoyf	fr	lhurgoyf
Lhurgoyf	it	Lhurgoyf
Lhurgoyf	ja	ルアゴイフ
Lhurgoyf	ko	루고이프
Lhurgoyf	pt	Lhurgoyf
Lhurgoyf	ru	Люргойф
Lhurgoyf	zhs	拉高耶夫
Lhurgoyf	zht	拉高耶夫
Liliana	de	Liliana
Liliana	es	Liliana
Liliana	fr	Liliana
Liliana	it	Liliana
Liliana	ja	リリアナ
Liliana	ko	릴리아나
Liliana	pt	Liliana
Liliana	ru	Лилиана
Liliana	zhs	莉莲娜
Liliana	zht	莉蓮娜
Lizard	de	Eidechse
Lizard	es	Lagarto
Lizard	fr	lézard
Lizard	it	Lucertola
Lizard	ja	トカゲ
Lizard	ko	도마뱀
Lizard	pt	Lagarto
Lizard	ru	Ящер
Lizard	zhs	蜥蜴
Lizard	zht	蜥蜴
Locus	de	Ort
Locus	es	Sitio
Locus	fr	site
Locus	it	Luogo
Locus	ja	神座
Locus	pt	Local
Locus	ru	Место
Locus	zhs	处所
Locus	zht	處所
Lolth	de	Lolth
Lolth	es	Lolth
Lolth	fr	Lolth
Lolth	it	Lolth
Lolth	ja	ロルス
Lolth	ko	롤스
Lolth	pt	Lolth
Lolth	ru	Лолт
Lolth	zhs	罗丝
Lolth	zht	羅絲
Lorwyn	de	Lorwyn
Lorwyn	es	Lorwyn
Lorwyn	fr	Lorwyn
Lorwyn	it	Lorwyn
Lorwyn	ja	ローウィン
Lorwyn	pt	Lorwyn
Lorwyn	zhs	洛温
Lukka	de	Lukka
Lukka	es	Lukka
Lukka	fr	Lukka
Lukka	it	Lukka
Lukka	ja	ルーカ
Lukka	ko	루카
Lukka	pt	Lukka
Lukka	ru	Лукка
Lukka	zhs	卢卡
Lukka	zht	盧卡
Manticore	de	Mantikor
Manticore	es	Mantícora
Manticore	fr	manticore
Manticore	it	Manticora
Manticore	ja	マンティコア
Manticore	ko	만티코어
Manticore	pt	Mantícora
Manticore	ru	Мантикора
Manticore	zhs	翼狮
Manticore	zht	翼獅
Mars	de	Mars
Mars	fr	Mars
Mars	ja	火星
Masticore	de	Mastikor
Masticore	es	Masticore
Masticore	fr	masticore
Masticore	it	Masticora
Masticore	ja	マスティコア
Masticore	ko	마스티코어
Masticore	pt	Mastícora
Masticore	ru	Мастикора
Masticore	zhs	异狮
Masticore	zht	異獅
Mercadia	de	Merkadia
Mercadia	es	Mercadia
Mercadia	fr	Mercadia
Mercadia	it	Mercadia
Mercadia	ja	メルカディア
Mercenary	de	Söldner
Mercenary	es	Mercenario
Mercenary	fr	mercenaire
Mercenary	it	Mercenario
Mercenary	ja	傭兵
Mercenary	pt	Mercenário
Mercenary	ru	Наемник
Mercenary	zhs	佣兵
Mercenary	zht	傭兵
Merfolk	de	Meervolk
Merfolk	es	Tritón
Merfolk	fr	ondin
Merfolk	it	Tritone
Merfolk	ja	マーフォーク
Merfolk	ko	인어
Merfolk	pt	Tritão
Merfolk	ru	Мерфолк
Merfolk	zhs	人鱼
Merfolk	zht	人魚
Metathran	de	Schiff
Metathran	es	metathrán
Metathran	fr	navire
Metathran	it	Nave
Metathran	ja	メタスラン
Metathran	pt	Metathran
Metathran	ru	Метатран
Metathran	zhs	仿索蓝人
Mine	de	Bergwerk
Mine	es	Mina
Mine	ja	鉱山
Mine	ru	Шахта
Mine	zhs	矿脉
Minion	de	Diener
Minion	es	Sicario
Minion	fr	mignon
Minion	it	Servitore
Minion	ja	ミニオン
Minion	ko	수하
Minion	pt	Assecla
Minion	ru	Приспешник
Minion	zhs	奴仆
Minion	zht	奴僕
Minotaur	de	Minotaurus
Minotaur	es	Minotauro
Minotaur	fr	minotaure
Minotaur	it	Minotauro
Minotaur	ja	ミノタウルス
Minotaur	ko	미노타우로스
Minotaur	pt	Minotauro
Minotaur	ru	Минотавр
Minotaur	zhs	牛头怪
Minotaur	zht	牛頭怪
Minsc	de	Minsc
Minsc	es	Minsc
Minsc	fr	Minsc
Minsc	it	Minsc
Minsc	ja	ミンスク
Minsc	ko	민스크
Minsc	pt	Minsc
Minsc	ru	Минск
Minsc	zhs	明斯克
Minsc	zht	明斯克
Mirrodin	de	Mirrodin
Mirrodin	es	Mirrodin
Mirrodin	fr	Mirrodin
Mirrodin	it	Mirrodin
Mirrodin	ja	ミラディン
Mirrodin	pt	Mirrodin
Mirrodin	zhs	秘罗地
Mite	de	Milbe
Mite	es	Ácaro
Mite	fr	puce
Mite	it	Acaro
Mite	ja	ダニ
Mite	pt	Ácaro
Mite	zhs	虫械
Moag	de	Moag
Moag	es	Moag
Moag	fr	Moag
Moag	it	Moag
Moag	ja	モアグ
Mole	de	Maulwurf
Mole	es	Topo
Mole	fr	taupe
Mole	it	Talpa
Mole	ja	モグラ
Mole	ko	두더지
Mole	pt	Toupeira
Mole	ru	Крот
Mole	zhs	鼹鼠
Mole	zht	鼴鼠
Monger	de	Freihändler
Monger	es	Traficante
Monger	fr	négociant
Monger	it	Commerciante
Monger	ja	モンガー
Mongoose	de	Mungo
Mongoose	es	Mangosta
Mongoose	fr	mangouste
Mongoose	it	Mangusta
Mongoose	ja	マングース
Mongoose	ko	몽구스
Mongoose	pt	Mangusto
Mongoose	ru	Мангуст
Mongoose	zhs	猫鼬
Mongoose	zht	貓鼬
Mongseng	de	Mongseng
Mongseng	es	Mongseng
Mongseng	fr	Mongseng
Mongseng	it	Mongseng
Mongseng	ja	モンセン
Mongseng	pt	Mongseng
Mongseng	zhs	蒙森
Monk	de	Mönch
Monk	es	Monje
Monk	fr	moine
Monk	it	Monaco
Monk	ja	モンク
Monk	ko	승려
Monk	pt	Monge
Monk	ru	Монах
Monk	zhs	修行僧
Monk	zht	修行僧
Monkey	de	Affe
Monkey	es	Primate
Monkey	fr	singe
Monkey	it	Scimmia
Monkey	ja	猿
Monkey	ko	원숭이
Monkey	pt	Símio
Monkey	ru	Обезьяна
Monkey	zhs	猴
Monkey	zht	猴
Moon	de	Mond
Moon	fr	Lune
Moon	ja	月
Moonfolk	de	Mondvolk
Moonfolk	es	Pueblo-lunar
Moonfolk	fr	lunaréen
Moonfolk	it	Lunantropo
Moonfolk	ja	ムーンフォーク
Moonfolk	ko	월인
Moonfolk	pt	Cidadão-da-lua
Moonfolk	ru	Лунный
Moonfolk	zhs	月人
Moonfolk	zht	月人
Mordenkainen	de	Mordenkainen
Mordenkainen	es	Mordenkainen
Mordenkainen	fr	Mordenkainen
Mordenkainen	it	Mordenkainen
Mordenkainen	ja	モルデンカイネン
Mordenkainen	ko	모덴카이넨
Mordenkainen	pt	Mordenkainen
Mordenkainen	ru	Морденкайнен
Mordenkainen	zhs	魔邓肯
Mordenkainen	zht	魔鄧肯
Mount	de	Reittier
Mount	es	Montura
Mount	fr	monture
Mount	it	Cavalcatura
Mount	ja	乗騎
Mount	pt	Montaria
Mount	zhs	坐骑
Mountain	de	Gebirge
Mountain	es	Montaña
Mountain	fr	montagne
Mountain	it	Montagna
Mountain	ja	山
Mountain	ko	산
Mountain	pt	Montanha
Mountain	ru	Гора
Mountain	zhs	山脉
Mountain	zht	山脈
Mouse	de	Maus
Mouse	es	Ratón
Mouse	fr	souris
Mouse	it	Topo
Mouse	ja	ハツカネズミ
Mouse	ko	생쥐
Mouse	pt	Camundongo
Mouse	ru	Мышь
Mouse	zhs	家鼠
Mouse	zht	家鼠
Muraganda	de	Muraganda
Muraganda	es	Muraganda
Muraganda	fr	Muraganda
Muraganda	it	Muraganda
Muraganda	ja	ムラガンダ
Mutant	de	Mutant
Mutant	es	Mutante
Mutant	fr	mutant
Mutant	it	Mutante
Mutant	ja	ミュータント
Mutant	ko	돌연변이
Mutant	pt	Mutante
Mutant	ru	Мутант
Mutant	zhs	突变体
Mutant	zht	突變體
Myr	de	Myr
Myr	es	Myr
Myr	fr	myr
Myr	it	Myr
Myr	ja	マイア
Myr	ko	미르
Myr	pt	Myr
Myr	ru	Миэр
Myr	zhs	秘耳
Myr	zht	秘耳
Mystic	ja	神秘家
Nahiri	de	Nahiri
Nahiri	es	Nahiri
Nahiri	fr	Nahiri
Nahiri	it	Nahiri
Nahiri	ja	ナヒリ
Nahiri	ko	나히리
Nahiri	pt	Nahiri
Nahiri	ru	Нахири
Nahiri	zhs	娜希丽
Nahiri	zht	娜希麗
Narset	de	Narset
Narset	es	Narset
Narset	fr	Narset
Narset	it	Narset
Narset	ja	ナーセット
Narset	ko	나르셋
Narset	pt	Narset
Narset	ru	Нарсет
Narset	zhs	娜尔施
Narset	zht	娜爾施
Nautilus	de	Nautilus
Nautilus	es	Nautilo
Nautilus	fr	nautile
Nautilus	it	Nautilo
Nautilus	ja	オウムガイ
Nautilus	ko	앵무조개
Nautilus	pt	Náutilo
Nautilus	ru	Наутилус
Nautilus	zhs	鹦鹉螺
Nautilus	zht	鸚鵡螺
Necron	de	Necron
Necron	es	Necrón
Necron	fr	nécron
Necron	it	Necron
Necron	ja	ネクロン
Necron	pt	Necron
Necron	zhs	太空死灵
Necros	de	Necros
Necros	fr	Necros
Necros	ja	ネクロス
Nephilim	de	Nephilim
Nephilim	es	Nefilim
Nephilim	fr	nephilim
Nephilim	it	Nephilim
Nephilim	ja	ネフィリム
Nephilim	pt	Nefilim
Nephilim	ru	Нефилим
Nephilim	zhs	巨神灵
New	de	Neue
New	fr	Nouvelle
New	it	Nuova
New	ja	新ファイレクシア
Nightmare	de	Nachtmahr
Nightmare	es	Pesadilla
Nightmare	fr	cauchemar
Nightmare	it	Incubo
Nightmare	ja	ナイトメア
Nightmare	ko	나이트메어
Nightmare	pt	Pesadelo
Nightmare	ru	Кошмар
Nightmare	zhs	梦魇
Nightmare	zht	夢魘
Nightstalker	de	Nachtschrat
Niko	de	Niko
Niko	es	Niko
Niko	fr	Niko
Niko	it	Niko
Niko	ja	ニコ
Niko	ko	니코
Niko	pt	Niko
Niko	ru	Нико
Niko	zhs	尼科
Niko	zht	尼科
Ninja	de	Ninja
Ninja	es	Ninja
Ninja	fr	ninja
Ninja	it	Ninja
Ninja	ja	忍者
Ninja	ko	닌자
Ninja	pt	Ninja
Ninja	ru	Ниндзя
Ninja	zhs	忍者
Ninja	zht	忍者
Nissa	de	Nissa
Nissa	es	Nissa
Nissa	fr	Nissa
Nissa	it	Nissa
Nissa	ja	ニッサ
Nissa	ko	니사
Nissa	pt	Nissa
Nissa	ru	Нисса
Nissa	zhs	妮莎
Nissa	zht	妮莎
Nixilis	de	Nixilis
Nixilis	es	Nixilis
Nixilis	fr	Nixilis
Nixilis	it	Nixilis
Nixilis	ja	ニクシリス
Nixilis	ko	닉실리스
Nixilis	pt	Nixilis
Nixilis	ru	Никсилис
Nixilis	zhs	尼希兹
Nixilis	zht	尼希茲
Noble	de	Adliger
Noble	es	Noble
Noble	fr	noble
Noble	it	Nobile
Noble	ja	貴族
Noble	ko	귀족
Noble	pt	Nobre
Noble	ru	Аристократ
Noble	zhs	贵族
Noble	zht	貴族
Noggle	de	Noggele
Noggle	es	noggle
Noggle	fr	neugle
Noggle	it	Noggle
Noggle	ja	ノッグル
Noggle	pt	Noggle
Noggle	ru	Ноггл
Noggle	zhs	诺格
Nomad	de	Nomade
Nomad	es	Nómada
Nomad	fr	nomade
Nomad	it	Nomade
Nomad	ja	ノーマッド
Nomad	pt	Nômade
Nomad	ru	Кочевник
Nomad	zhs	游牧人
Nymph	de	Nymphe
Nymph	es	Ninfa
Nymph	fr	nymphe
Nymph	it	Ninfa
Nymph	ja	ニンフ
Nymph	ko	님프
Nymph	pt	Ninfa
Nymph	ru	Нимфа
Nymph	zhs	宁芙
Nymph	zht	寧芙
Octopus	de	Oktopus
Octopus	es	Pulpo
Octopus	fr	pieuvre
Octopus	it	Piovra
Octopus	ja	タコ
Octopus	ko	문어
Octopus	pt	Polvo
Octopus	ru	Спрут
Octopus	zhs	章鱼
Octopus	zht	章魚
Ogre	de	Oger
Ogre	es	Ogro
Ogre	fr	ogre
Ogre	it	Ogre
Ogre	ja	オーガ
Ogre	ko	오우거
Ogre	pt	Ogre
Ogre	ru	Огр
Ogre	zhs	食人魔
Ogre	zht	食人魔
Oko	de	Oko
Oko	es	Oko
Oko	fr	Oko
Oko	it	Oko
Oko	ja	オーコ
Oko	ko	오코
Oko	pt	Oko
Oko	ru	Око
Oko	zhs	瓯柯
Oko	zht	甌柯
Omen	de	Omen
Omen	es	Presagio
Omen	fr	présage
Omen	it	Presagio
Ongoing Scheme	de	Andauerndes Komplott
Ongoing Scheme	es	Plan continuo
Ongoing Scheme	fr	Machination continue
Ongoing Scheme	it	Intrigo In Corso
Ongoing Scheme	ja	持続計略
Ooze	de	Schlammwesen
Ooze	es	Cieno
Ooze	fr	limon
Ooze	it	Melma
Ooze	ja	ウーズ
Ooze	ko	점액괴물
Ooze	pt	Lodo
Ooze	ru	Тина
Ooze	zhs	流浆
Ooze	zht	流漿
Orc	de	Ork
Orc	es	Orco
Orc	fr	orque
Orc	it	Orco
Orc	ja	オーク
Orc	ko	오크
Orc	pt	Orc
Orc	ru	Орк
Orc	zhs	半兽人
Orc	zht	半獸人
Orgg	de	Orgg
Orgg	es	Orgg
Orgg	fr	orgg
Orgg	it	Orgg
Orgg	ja	オーグ
Orgg	pt	Orgg
Orgg	ru	- Оргг
Orgg	zhs	欧格
Otter	de	Otter
Otter	es	Nutria
Otter	fr	loutre
Otter	it	Lontra
Otter	ja	カワウソ
Otter	ko	수달
Otter	pt	Lontra
Otter	ru	Выдра
Otter	zhs	水獭
Otter	zht	水獺
Ouphe	de	Buboh
Ouphe	es	Oufé
Ouphe	fr	orphe
Ouphe	it	Ouphe
Ouphe	ja	アウフ
Ouphe	ko	아우프
Ouphe	pt	Trasgo
Ouphe	ru	Уф
Ouphe	zhs	奥夫
Ouphe	zht	奧夫
Ox	de	Ochse
Ox	es	Buey
Ox	fr	bovidé
Ox	it	Bue
Ox	ja	雄牛
Ox	ko	황소
Ox	pt	Boi
Ox	ru	Бык
Ox	zhs	牛
Ox	zht	牛
Oyster	de	Auster
Oyster	es	Ostra
Oyster	fr	huître
Oyster	it	Ostrica
Oyster	ja	カキ
Oyster	pt	Ostra
Oyster	ru	- Устрица
Oyster	zhs	牡蛎
Pangolin	de	Schuppentier
Pangolin	es	Pangolín
Pangolin	fr	pangolin
Pangolin	it	Pangolino
Pangolin	ja	センザンコウ
Pangolin	ko	천산갑
Pangolin	pt	Pangolim
Pangolin	ru	Панголин
Pangolin	zhs	穿山甲
Pangolin	zht	穿山甲
Peasant	de	Gesinde
Peasant	es	Plebeyo
Peasant	fr	paysan
Peasant	it	Popolano
Peasant	ja	農民
Peasant	ko	소작농
Peasant	pt	Plebeu
Peasant	ru	Простолюдин
Peasant	zhs	平民
Peasant	zht	平民
Pegasus	de	Pegasus
Pegasus	es	Pegaso
Pegasus	fr	pégase
Pegasus	it	Pegaso
Pegasus	ja	ペガサス
Pegasus	ko	페가수스
Pegasus	pt	Pégaso
Pegasus	ru	Пегас
Pegasus	zhs	飞马
Pegasus	zht	飛馬
Pest	de	Schädling
Pest	es	Plaga
Pest	fr	parasite
Pest	it	Peste
Pest	ja	邪魔者
Pest	ko	해충
Pest	pt	Peste
Pest	ru	Вредитель
Pest	zhs	害虫
Pest	zht	害蟲
Phelddagrif	de	Phelddagrif
Phelddagrif	fr	Phelddagrif
Phelddagrif	grc	Φελδδαγρίφος
Phenomenon	de	Phänomen
Phenomenon	es	Fenómeno
Phenomenon	fr	Phénomène
Phenomenon	it	Fenomeno
Phenomenon	ja	現象
Phenomenon	pt	Fenômeno
Phenomenon	zhs	异象
Phoenix	de	Phoenix
Phoenix	es	Fénix
Phoenix	fr	phénix
Phoenix	it	Fenice
Phoenix	ja	フェニックス
Phoenix	ko	불사조
Phoenix	pt	Fênix
Phoenix	ru	Феникс
Phoenix	zhs	凤凰
Phoenix	zht	鳳凰
Phyrexia	de	Phyrexia
Phyrexia	es	Pirexia
Phyrexia	fr	Phyrexia
Phyrexia	it	Phyrexia
Phyrexia	ja	ファイレクシア
Phyrexian	de	Phyrexianer
Phyrexian	es	Pirexiano
Phyrexian	fr	phyrexian
Phyrexian	it	Phyrexiano
Phyrexian	ja	ファイレクシアン
Phyrexian	ko	피렉시아
Phyrexian	pt	Phyrexiano
Phyrexian	ru	Фирексиец
Phyrexian	zhs	非瑞人
Phyrexian	zht	非瑞人
Pilot	de	Pilot
Pilot	es	Piloto
Pilot	fr	pilote
Pilot	it	Pilota
Pilot	ja	操縦士
Pilot	ko	조종사
Pilot	pt	Piloto
Pilot	ru	Пилот
Pilot	zhs	驾手
Pilot	zht	駕手
Pirate	de	Pirat
Pirate	es	Pirata
Pirate	fr	pirate
Pirate	it	Pirata
Pirate	ja	海賊
Pirate	ko	해적
Pirate	pt	Pirata
Pirate	ru	Пират
Pirate	zhs	海盗
Pirate	zht	海盜
Plains	de	Ebene
Plains	es	Llanura
Plains	fr	plaine
Plains	it	Pianura
Plains	ja	平地
Plains	ko	들
Plains	pt	Planície
Plains	ru	Равнина
Plains	zhs	平原
Plains	zht	平原
Plane	de	Welt
Plane	es	Plano
Plane	fr	Plan
Plane	it	Piano
Plane	ja	次元
Plane	pt	Plano
Plane	zhs	时空
Plant	de	Pflanze
Plant	es	Planta
Plant	fr	plante
Plant	it	Pianta
Plant	ja	植物
Plant	ko	식물
Plant	pt	Planta
Plant	ru	Растение
Plant	zhs	植物
Plant	zht	植物
Power-Plant	de	Kraftwerk
Power-Plant	es	Central-de-energía
Power-Plant	ja	魔力炉
Power-Plant	ru	Электростанция
Power-Plant	zhs	动力炉
Praetor	de	Prätor
Praetor	es	Magistrado
Praetor	fr	praetor
Praetor	it	Pretore
Praetor	ja	法務官
Praetor	pt	Pretor
Praetor	zhs	魔判官
Primarch	de	Primarch
Primarch	es	Primarca
Primarch	fr	primarque
Primarch	it	Primarca
Primarch	ja	総主長
Primarch	pt	Primarca
Primarch	zhs	原体
Processor	de	Verwerter
Processor	es	Metabolizador
Processor	fr	convertisseur
Processor	it	Metabolizzatore
Processor	ja	昇華者
Processor	ko	처리자
Processor	pt	Processador
Processor	ru	Переработчик
Processor	zhs	噬体
Processor	zht	噬體
Quintorius	de	Quintorius
Quintorius	es	Quintorius
Quintorius	fr	Quintorius
Quintorius	it	Quintorius
Quintorius	ja	クイントリウス
Quintorius	pt	Quintorius
Quintorius	zhs	昆托力
Rabbit	de	Kaninchen
Rabbit	es	Conejo
Rabbit	fr	lapin
Rabbit	it	Coniglio
Rabbit	ja	兎
Rabbit	ko	토끼
Rabbit	pt	Coelho
Rabbit	ru	Кролик
Rabbit	zhs	兔
Rabbit	zht	兔
Rabiah	de	Rabiah
Rabiah	es	Rabiah
Rabiah	fr	Rabiah
Rabiah	it	Rabiah
Rabiah	ja	ラバイア
Raccoon	de	Waschbär
Raccoon	es	Mapache
Raccoon	fr	raton-laveur
Raccoon	it	Procione
Raccoon	ja	アライグマ
Raccoon	pt	Guaxinim
Raccoon	ru	Енот
Raccoon	zhs	浣熊
Ral	de	Ral
Ral	es	Ral
Ral	fr	Ral
Ral	it	Ral
Ral	ja	ラル
Ral	ko	랄
Ral	pt	Ral
Ral	ru	Рал
Ral	zhs	拉尔
Ral	zht	拉爾
Ranger	de	Waldläufer
Ranger	es	Guardabosque
Ranger	fr	ranger
Ranger	it	Ranger
Ranger	ja	レインジャー
Ranger	ko	레인저
Ranger	pt	Guardião
Ranger	ru	Следопыт
Ranger	zhs	游侠
Ranger	zht	遊俠
Rat	de	Ratte
Rat	es	Rata
Rat	fr	rat
Rat	it	Ratto
Rat	ja	ネズミ
Rat	ko	쥐
Rat	pt	Rato
Rat	ru	Крыса
Rat	zhs	老鼠
Rat	zht	老鼠
Rath	de	Rath
Rath	es	Rath
Rath	fr	Rajh
Rath	it	Rath
Rath	ja	ラース
Rath	pt	Rath
Rath	zhs	瑞斯
Ravnica	de	Ravnica
Ravnica	es	Rávnica
Ravnica	fr	Ravnica
Ravnica	it	Ravnica
Ravnica	ja	ラヴニカ
Ravnica	pt	Ravnica
Ravnica	zhs	拉尼卡
Rebel	de	Rebell
Rebel	es	Rebelde
Rebel	fr	rebelle
Rebel	it	Ribelle
Rebel	ja	レベル
Rebel	pt	Rebelde
Rebel	ru	Повстанец
Rebel	zhs	反抗军
Rebel	zht	反抗軍
Reflection	de	Reflexion
Reflection	es	Reflejo
Reflection	it	Riflesso
Reflection	ja	反射
Reflection	ko	형상
Reflection	pt	Reflexo
Reflection	ru	Отражение
Regatha	de	Regatha
Regatha	es	Regatha
Regatha	fr	Regatha
Regatha	it	Regatha
Regatha	ja	レガーサ
Rhino	de	Nashorn
Rhino	es	Rinoceronte
Rhino	fr	rhinocéros
Rhino	it	Rinoceronte
Rhino	ja	サイ
Rhino	ko	코뿔소
Rhino	pt	Rinoceronte
Rhino	ru	Носорог
Rhino	zhs	犀牛
Rhino	zht	犀牛
Rigger	de	Monteur
Rigger	es	Aparejador
Rigger	fr	gréeur
Rigger	it	Assemblatore
Rigger	ja	装具工
Rigger	pt	Montador
Rigger	ru	Сборщик
Robot	de	Roboter
Robot	es	Robot
Robot	fr	robot
Robot	it	Robot
Robot	ja	ロボット
Robot	zhs	机器人
Rogue	de	Räuber
Rogue	es	Bribón
Rogue	fr	gredin
Rogue	it	Farabutto
Rogue	ja	ならず者
Rogue	ko	도적
Rogue	pt	Ladino
Rogue	ru	Бродяга
Rogue	zhs	浪客
Rogue	zht	浪客
Room	de	Raum
Room	es	Sala
Room	fr	pièce
Room	it	Stanza
Room	ja	部屋
Rowan	de	Rowan
Rowan	es	Rowan
Rowan	fr	Rowan
Rowan	it	Rowan
Rowan	ja	ローアン
Rowan	ko	로완
Rowan	pt	Rowan
Rowan	ru	Рован
Rowan	zhs	萝婉
Rowan	zht	蘿婉
Rune	de	Rune
Rune	es	runa
Rune	fr	rune
Rune	it	Runa
Rune	ja	ルーン
Rune	ko	룬
Rune	pt	Runa
Rune	ru	Руна
Rune	zhs	符文
Rune	zht	符文
Sable	de	Zobel
Sable	es	Marta
Sable	fr	zibeline
Sable	it	Zibellino
Sable	ja	黒貂
Sable	ko	담비
Sable	pt	Zibelina
Sable	ru	Соболь
Sable	zhs	紫貂
Sable	zht	紫貂
Saga	de	Sage
Saga	es	Saga
Saga	fr	saga
Saga	it	Saga
Saga	ja	英雄譚
Saga	ko	서사시
Saga	pt	Saga
Saga	ru	Сага
Saga	zhs	传纪
Saga	zht	傳紀
Saheeli	de	Saheeli
Saheeli	es	Saheeli
Saheeli	fr	Saheeli
Saheeli	it	Saheeli
Saheeli	ja	サヒーリ
Saheeli	ko	사힐리
Saheeli	pt	Saheeli
Saheeli	ru	Сахили
Saheeli	zhs	莎希莉
Saheeli	zht	莎希莉
Salamander	de	Salamander
Salamander	es	Salamandra
Salamander	fr	salamandre
Salamander	it	Salamandra
Salamander	ja	サラマンダー
Salamander	ko	샐러맨더
Salamander	pt	Salamandra
Salamander	ru	Саламандра
Salamander	zhs	火蜥蜴
Salamander	zht	火蜥蜴
Samurai	de	Samurai
Samurai	es	Samurái
Samurai	fr	samouraï
Samurai	it	Samurai
Samurai	ja	侍
Samurai	ko	사무라이
Samurai	pt	Samurai
Samurai	ru	Самурай
Samurai	zhs	武士
Samurai	zht	武士
Samut	de	Samut
Samut	es	Samut
Samut	fr	Samut
Samut	it	Samut
Samut	ja	サムト
Samut	ko	사무트
Samut	pt	Samut
Samut	ru	Самут
Samut	zhs	撒姆特
Samut	zht	撒姆特
Saproling	de	Saproling
Saproling	es	Saprolín
Saproling	fr	saprobionte
Saproling	it	Saprolingio
Saproling	ja	苗木
Sarkhan	de	Sarkhan
Sarkhan	es	Sarkhan
Sarkhan	fr	Sarkhan
Sarkhan	it	Sarkhan
Sarkhan	ja	サルカン
Sarkhan	ko	사르칸
Sarkhan	pt	Sarkhan
Sarkhan	ru	Сархан
Sarkhan	zhs	萨坎
Sarkhan	zht	薩坎
Satyr	de	Satyr
Satyr	es	Sátiro
Satyr	fr	satyre
Satyr	it	Satiro
Satyr	ja	サテュロス
Satyr	ko	사티로스
Satyr	pt	Sátiro
Satyr	ru	Сатир
Satyr	zhs	羊蹄人
Satyr	zht	羊蹄人
Scarecrow	de	Vogelscheuche
Scarecrow	es	Espantapájaros
Scarecrow	fr	épouvantail
Scarecrow	it	Spaventapasseri
Scarecrow	ja	カカシ
Scarecrow	ko	허수아비
Scarecrow	pt	Espantalho
Scarecrow	ru	Пугало
Scarecrow	zhs	稻草人
Scarecrow	zht	稻草人
Scheme	de	Komplott
Scheme	es	Plan
Scheme	fr	Machination
Scheme	it	Intrigo
Scheme	ja	計略
Scientist	de	Forscher
Scientist	es	Científico
Scientist	fr	scientifique
Scientist	it	Scienziato
Scientist	ja	科学者
Scientist	pt	Cientista
Scientist	zhs	科学家
Scorpion	de	Skorpion
Scorpion	es	Escorpión
Scorpion	fr	scorpion
Scorpion	it	Scorpione
Scorpion	ja	蠍
Scorpion	ko	전갈
Scorpion	pt	Escorpião
Scorpion	ru	Скорпион
Scorpion	zhs	蝎子
Scorpion	zht	蠍子
Scout	de	Späher
Scout	es	Explorador
Scout	fr	éclaireur
Scout	it	Esploratore
Scout	ja	スカウト
Scout	ko	정찰병
Scout	pt	Batedor
Scout	ru	Разведчик
Scout	zhs	斥候
Scout	zht	斥候
Seal	de	Robbe
Seal	fr	phoque
Seal	ja	アザラシ
Segovia	de	Segovia
Segovia	es	Segovia
Segovia	fr	Ségovie
Segovia	it	Segovia
Segovia	ja	セゴビア
Serpent	de	Schlange
Serpent	es	Serpiente
Serpent	fr	grand serpent
Serpent	it	Serpe
Serpent	ja	海蛇
Serpent	ko	이무기
Serpent	pt	Serpente
Serpent	ru	Змей
Serpent	zhs	巨蛇
Serpent	zht	巨蛇
Serra	de	Serra
Serra	es	Serra
Serra	fr	Serra
Serra	it	Serra
Serra	ja	セラ
Serra	ko	세라
Serra	pt	Serra
Serra	ru	Серра
Serra	zhs	撒拉
Serra	zht	撒拉
Shade	de	Schatten
Shade	es	Sombra
Shade	fr	ombre
Shade	it	Ombra
Shade	ja	シェイド
Shade	ko	그림자
Shade	pt	Sombra
Shade	ru	Тень
Shade	zhs	阴魂
Shade	zht	陰魂
Shadowmoor	de	Schattenmoor
Shadowmoor	es	Páramo Sombrío
Shadowmoor	fr	Sombrelande
Shadowmoor	it	Landa Tenebrosa
Shadowmoor	ja	シャドウムーア
Shaman	de	Schamane
Shaman	es	Chamán
Shaman	fr	shamane
Shaman	it	Sciamano
Shaman	ja	シャーマン
Shaman	ko	주술사
Shaman	pt	Xamã
Shaman	ru	Шаман
Shaman	zhs	祭师
Shaman	zht	祭師
Shandalar	de	Shandalar
Shandalar	es	Shandalar
Shandalar	fr	Shandalar
Shandalar	it	Shandalar
Shandalar	ja	シャンダラー
Shapeshifter	de	Gestaltwandler
Shapeshifter	es	Metamorfo
Shapeshifter	fr	changeforme
Shapeshifter	it	Polimorfo
Shapeshifter	ja	多相の戦士
Shapeshifter	ko	변신괴물
Shapeshifter	pt	Metamorfo
Shapeshifter	ru	Имитатор
Shapeshifter	zhs	变形兽
Shapeshifter	zht	變形獸
Shark	de	Hai
Shark	es	Tiburón
Shark	fr	requin
Shark	it	Squalo
Shark	ja	サメ
Shark	ko	상어
Shark	pt	Tubarão
Shark	ru	Акула
Shark	zhs	鲨鱼
Shark	zht	鯊魚
Sheep	de	Schaf
Sheep	es	Oveja
Sheep	fr	mouton
Sheep	it	Pecora
Sheep	ja	羊
Sheep	ko	양
Sheep	pt	Ovelha
Sheep	ru	Овца
Sheep	zhs	绵羊
Sheep	zht	綿羊
Shenmeng	de	Shenmeng
Shenmeng	es	Shenmeng
Shenmeng	fr	Shenmeng
Shenmeng	it	Shenmeng
Shenmeng	ja	沈夢
Shenmeng	pt	Shenmeng
Shenmeng	zhs	蜃梦
Shrine	de	Schrein
Shrine	es	Altar
Shrine	fr	reliquaire
Shrine	it	Santuario
Shrine	ja	祭殿
Shrine	ko	성지
Shrine	pt	Sacrário
Shrine	ru	Святыня
Shrine	zhs	祭祠
Shrine	zht	祭祠
Siege	de	Belagerung
Siege	es	Asedio
Siege	fr	siège
Siege	it	Assedio
Siege	ja	包囲戦
Siege	pt	Cerco
Siege	zhs	围攻
Siren	de	Sirene
Siren	es	Sirena
Siren	fr	sirène
Siren	it	Sirena
Siren	ja	セイレーン
Siren	ko	세이렌
Siren	pt	Sirena
Siren	ru	Сирена
Siren	zhs	塞连
Siren	zht	塞連
Sivitri	de	Sivitri
Sivitri	es	Sivitri
Sivitri	fr	Sivitri
Sivitri	it	Sivitri
Sivitri	ja	シヴィトリ
Sivitri	pt	Sivitri
Sivitri	zhs	希维缇
Skaro	de	Skaro
Skaro	fr	Skaro
Skaro	ja	スカロ
Skeleton	de	Skelett
Skeleton	es	Esqueleto
Skeleton	fr	squelette
Skeleton	it	Scheletro
Skeleton	ja	スケルトン
Skeleton	ko	해골
Skeleton	pt	Esqueleto
Skeleton	ru	Скелет
Skeleton	zhs	骷髅妖
Skeleton	zht	骷髏妖
Slith	de	Slith
Slith	es	Slit
Slith	fr	slith
Slith	it	Slith
Slith	ja	スリス
Slith	pt	Slith
Slith	zhs	斯立兹
Slith	zht	斯立茲
Sliver	de	Remasuri
Sliver	es	Fragmentado
Sliver	fr	slivoïde
Sliver	it	Tramutante
Sliver	ja	スリヴァー
Sliver	ko	슬리버
Sliver	pt	Fractius
Sliver	ru	Щепка
Sliver	zhs	裂片妖
Sliver	zht	裂片妖
Sloth	de	Faultier
Sloth	es	perezoso
Sloth	fr	paresseux
Sloth	it	Bradipo
Sloth	ja	ナマケモノ
Sloth	zhs	树懒
Slug	de	Schnecke
Slug	es	Babosa
Slug	fr	limace
Slug	it	Lumaca
Slug	ja	ナメクジ
Slug	ko	민달팽이
Slug	pt	Lesma
Slug	ru	Слизень
Slug	zhs	蛞蝓
Slug	zht	蛞蝓
Snail	de	Gehäuseschnecke
Snail	es	Caracol
Snail	fr	escargot
Snail	it	Chiocciola
Snail	ja	カタツムリ
Snail	pt	Caracol
Snail	zhs	蜗牛
Snake	de	Ophis
Snake	es	Víbora
Snake	fr	serpent
Snake	it	Serpente
Snake	ja	蛇
Snake	ko	뱀
Snake	pt	Cobra
Snake	ru	Змея
Snake	zhs	蛇
Snake	zht	蛇
Snow Artifact	de	Verschneites Artefakt
Snow Artifact	es	Artefacto nevado
Snow Artifact	fr	Artefact neigeux
Snow Artifact	it	Artefatto Neve
Snow Artifact	ja	氷雪アーティファクト
Snow Artifact	ko	눈 마법물체
Snow Artifact	pt	Artefato da Neve
Snow Artifact	ru	Снежный Артефакт
Snow Artifact	zhs	雪境神器
Snow Artifact	zht	雪境神器
Snow Artifact Creature	de	Verschneite Artefaktkreatur
Snow Artifact Creature	es	Criatura artefacto nevado
Snow Artifact Creature	fr	Créature-artefact neigeuse
Snow Artifact Creature	it	Creatura Artefatto Neve
Snow Artifact Creature	ja	氷雪アーティファクト・クリーチャー
Snow Artifact Creature	ko	눈 마법물체 생물
Snow Artifact Creature	pt	Criatura Artefato da Neve
Snow Artifact Creature	ru	Снежный Артефакт Существо
Snow Artifact Creature	zhs	雪境神器生物
Snow Artifact Creature	zht	雪境神器生物
Snow Creature	de	Verschneite Kreatur
Snow Creature	es	Criatura nevada
Snow Creature	fr	Créature neigeuse
Snow Creature	it	Creatura Neve
Snow Creature	ja	氷雪クリーチャー
Snow Creature	ko	눈 생물
Snow Creature	pt	Criatura da Neve
Snow Creature	ru	Снежное Существо
Snow Creature	zhs	雪境生物
Snow Creature	zht	雪境生物
Snow Enchantment	de	Verschneite Verzauberung
Snow Enchantment	es	Encantamiento nevado
Snow Enchantment	fr	Enchantement neigeux
Snow Enchantment	it	Incantesimo Neve
Snow Enchantment	ja	氷雪エンチャント
Snow Enchantment	ko	눈 부여마법
Snow Enchantment	pt	Encantamento da Neve
Snow Enchantment	ru	Снежные Чары
Snow Enchantment	zhs	雪境结界
Snow Enchantment	zht	雪境結界
Snow Instant	de	Verschneiter Spontanzauber
Snow Instant	es	Instantáneo nevado
Snow Instant	fr	Éphémère neigeux
Snow Instant	it	Istantaneo Neve
Snow Instant	ja	氷雪インスタント
Snow Instant	ko	눈 순간마법
Snow Instant	pt	Mágica instantânea da Neve
Snow Instant	ru	Снежное Мгновенное заклинание
Snow Instant	zhs	雪境瞬间
Snow Instant	zht	雪境瞬間
Snow Land	de	Verschneites Land
Snow Land	es	Tierra nevada
Snow Land	fr	Terrain neigeux
Snow Land	it	Terra Neve
Snow Land	ja	氷雪土地
Snow Land	ko	눈 대지
Snow Land	pt	Terreno da Neve
Snow Land	ru	Снежная Земля
Snow Land	zhs	雪境地
Snow Land	zht	雪境地
Snow Sorcery	de	Verschneite Hexerei
Snow Sorcery	es	Conjuro nevado
Snow Sorcery	fr	Rituel neigeux
Snow Sorcery	it	Stregoneria Neve
Snow Sorcery	ja	氷雪ソーサリー
Snow Sorcery	ko	눈 집중마법
Snow Sorcery	pt	Feitiço da Neve
Snow Sorcery	ru	Снежное Волшебство
Snow Sorcery	zhs	雪境法术
Snow Sorcery	zht	雪境巫術
Soldier	de	Soldat
Soldier	es	Soldado
Soldier	fr	soldat
Soldier	it	Soldato
Soldier	ja	兵士
Soldier	ko	병사
Soldier	pt	Soldado
Soldier	ru	Солдат
Soldier	zhs	士兵
Soldier	zht	士兵
Soltari	de	Soltari
Soltari	es	soltari
Soltari	fr	soltari
Soltari	it	Soltari
Soltari	ja	サルタリー
Soltari	pt	Soltariano
Soltari	zhs	索泰利
Sorcerer	de	Naga
Sorcerer	es	naga
Sorcerer	fr	naga
Sorcerer	it	Naga
Sorcerer	ja	ナーガ
Sorcerer	pt	Naga
Sorcerer	ru	Нага
Sorcery	de	Hexerei
Sorcery	es	Conjuro
Sorcery	fr	Rituel
Sorcery	it	Stregoneria
Sorcery	ja	ソーサリー
Sorcery	ko	집중마법
Sorcery	pt	Feitiço
Sorcery	ru	Волшебство
Sorcery	zhs	法术
Sorcery	zht	巫術
Sorin	de	Sorin
Sorin	es	Sorin
Sorin	fr	Sorin
Sorin	it	Sorin
Sorin	ja	ソリン
Sorin	ko	소린
Sorin	pt	Sorin
Sorin	ru	Сорин
Sorin	zhs	索霖
Sorin	zht	索霖
Spacecraft	de	Raumschiff
Spacecraft	fr	vaisseau spatial
Spacecraft	ja	宇宙船
Specter	de	Specter
Specter	es	Espectro
Specter	fr	spectre
Specter	it	Spettro
Specter	ja	スペクター
Specter	ko	스펙터
Specter	pt	Espectro
Specter	ru	Призрак
Specter	zhs	幽灵
Specter	zht	幽靈
Spellshaper	de	Spruchwandler
Spellshaper	es	Cambiahechizos
Spellshaper	fr	sortisan
Spellshaper	it	Mutamagia
Spellshaper	ja	スペルシェイパー
Spellshaper	pt	Magimodelador
Spellshaper	ru	Заклинатель
Spellshaper	zhs	塑法师
Spellshaper	zht	塑法師
Sphere	de	Sphäre
Sphere	es	Esfera
Sphere	fr	sphère
Sphere	it	Sfera
Sphere	ja	球層
Sphere	pt	Esfera
Sphere	zhs	域界
Sphinx	de	Sphinx
Sphinx	es	Esfinge
Sphinx	fr	sphinx
Sphinx	it	Sfinge
Sphinx	ja	スフィンクス
Sphinx	ko	스핑크스
Sphinx	pt	Esfinge
Sphinx	ru	Сфинкс
Sphinx	zhs	史芬斯
Sphinx	zht	史芬斯
Spider	de	Spinne
Spider	es	Araña
Spider	fr	araignée
Spider	it	Ragno
Spider	ja	蜘蛛
Spider	ko	거미
Spider	pt	Aranha
Spider	ru	Паук
Spider	zhs	蜘蛛
Spider	zht	蜘蛛
Spike	de	Stachel
Spike	es	Perforador
Spike	fr	épix
Spike	it	Pungiglione
Spike	ja	スパイク
Spike	pt	Espículo
Spike	ru	- Шип
Spike	zhs	钉兽
Spirit	de	Geist
Spirit	es	Espíritu
Spirit	fr	esprit
Spirit	it	Spirito
Spirit	ja	スピリット
Spirit	ko	신령
Spirit	pt	Espírito
Spirit	ru	Дух
Spirit	zhs	精怪
Spirit	zht	精靈
Sponge	de	Schwamm
Sponge	es	Esponja
Sponge	fr	éponge
Sponge	it	Spugna
Sponge	ja	スポンジ
Sponge	pt	Esponja
Sponge	ru	Губка
Squid	de	Kalmar
Squid	es	Calamar
Squid	fr	calamar
Squid	it	Calamaro
Squid	ja	イカ
Squid	ko	오징어
Squid	pt	Lula
Squid	ru	Кальмар
Squid	zhs	乌贼
Squid	zht	烏賊
Squirrel	de	Eichhörnchen
Squirrel	es	Ardilla
Squirrel	fr	écureuil
Squirrel	it	Scoiattolo
Squirrel	ja	リス
Squirrel	ko	다람쥐
Squirrel	pt	Esquilo
Squirrel	ru	Белка
Squirrel	zhs	松鼠
Squirrel	zht	松鼠
Starfish	de	Seestern
Starfish	es	Estrella-de-mar
Starfish	fr	étoile de mer
Starfish	it	Stella Marina
Starfish	ja	ヒトデ
Starfish	ko	불가사리
Starfish	pt	Estrela-do-mar
Starfish	ru	Морская_звезда
Starfish	zhs	海星
Starfish	zht	海星
Surrakar	de	Surrakar
Surrakar	es	Surrakar
Surrakar	fr	surrakar
Surrakar	it	Surrakar
Surrakar	ja	サラカー
Surrakar	pt	Surrakar
Surrakar	ru	Сурракар
Surrakar	zhs	苏拉卡
Survivor	de	Überlebender
Survivor	es	Superviviente
Survivor	fr	survivant
Survivor	it	Sopravvissuto
Survivor	ja	生存者
Swamp	de	Sumpf
Swamp	es	Pantano
Swamp	fr	marais
Swamp	it	Palude
Swamp	ja	沼
Swamp	ko	늪
Swamp	pt	Pântano
Swamp	ru	Болото
Swamp	zhs	沼泽
Swamp	zht	沼澤
Synth	de	Synth
Synth	es	Synth
Synth	fr	synthétique
Synth	it	Sintetico
Synth	ja	シンス
Synth	zhs	合成人
Szat	de	Szat
Szat	es	Szat
Szat	fr	Szat
Szat	it	Szat
Szat	ja	ザット
Szat	pt	Szat
Szat	zhs	刹特
Szat	zht	剎特
Tamiyo	de	Tamiyo
Tamiyo	es	Tamiyo
Tamiyo	fr	Tamiyo
Tamiyo	it	Tamiyo
Tamiyo	ja	タミヨウ
Tamiyo	ko	타미요
Tamiyo	pt	Tamiyo
Tamiyo	ru	Тамиё
Tamiyo	zhs	多美代
Tamiyo	zht	多美代
Tarkir	de	Tarkir
Tarkir	es	Tarkir
Tarkir	fr	Tarkir
Tarkir	it	Tarkir
Tarkir	ja	タルキール
Tarkir	pt	Tarkir
Tarkir	zhs	鞑契
Tasha	de	Tasha
Tasha	es	Tasha
Tasha	fr	Tasha
Tasha	it	Tasha
Tasha	ja	ターシャ
Tasha	ko	타샤
Tasha	pt	Tasha
Tasha	ru	Таша
Tasha	zhs	塔莎
Tasha	zht	塔莎
Teferi	de	Teferi
Teferi	es	Teferi
Teferi	fr	Téfeiri
Teferi	it	Teferi
Teferi	ja	テフェリー
Teferi	ko	테페리
Teferi	pt	Teferi
Teferi	ru	Тефери
Teferi	zhs	泰菲力
Teferi	zht	泰菲力
Teyo	de	Teyo
Teyo	es	Teyo
Teyo	fr	Teyo
Teyo	it	Teyo
Teyo	ja	テヨ
Teyo	ko	테요
Teyo	pt	Teyo
Teyo	ru	Тейо
Teyo	zhs	泰佑
Teyo	zht	泰佑
Tezzeret	de	Tezzeret
Tezzeret	es	Tezzeret
Tezzeret	fr	Tezzeret
Tezzeret	it	Tezzeret
Tezzeret	ja	テゼレット
Tezzeret	ko	테제렛
Tezzeret	pt	Tezzeret
Tezzeret	ru	Теззерет
Tezzeret	zhs	泰兹瑞
Tezzeret	zht	泰茲瑞
Theros	de	Theros
Theros	es	Theros
Theros	fr	Theros
Theros	it	Theros
Theros	ja	テーロス
Theros	pt	Theros
Theros	zhs	塞洛斯
Thopter	de	Thopter
Thopter	es	Tóptero
Thopter	fr	mécanoptère
Thopter	it	Tottero
Thopter	ja	飛行機械
Thopter	ko	날틀
Thopter	pt	Tóptero
Thopter	ru	Топтер
Thopter	zhs	振翼机
Thopter	zht	振翼機
Thrull	de	Thrull
Thrull	es	Thrull
Thrull	fr	srâne
Thrull	it	Thrull
Thrull	ja	スラル
Thrull	ko	스럴
Thrull	pt	Thrull
Thrull	ru	Трулл
Thrull	zhs	索尔兽
Thrull	zht	索爾獸
Tibalt	de	Thibalt
Tibalt	es	Tibalt
Tibalt	fr	Tibalt
Tibalt	it	Tibalt
Tibalt	ja	ティボルト
Tibalt	ko	티볼트
Tibalt	pt	Tibalt
Tibalt	ru	Тибальт
Tibalt	zhs	提勃
Tibalt	zht	提勃
Tiefling	de	Tiefling
Tiefling	es	tiefling
Tiefling	fr	tieffelin
Tiefling	it	Tiefling
Tiefling	ja	ティーフリング
Tiefling	ko	티플링
Tiefling	pt	Tiferino
Tiefling	ru	Тифлинг
Tiefling	zhs	魔人
Tiefling	zht	魔人
Token Artifact	es	Artefacto ficha
Token Creature	ja	トークン・クリーチャー
Tower	de	Turm
Tower	es	Torre
Tower	ja	塔
Tower	ru	Башня
Tower	zhs	塔
Town	de	Stadt
Town	es	Ciudad
Town	fr	ville
Town	it	Città
Toy	de	Spielzeug
Toy	es	Juguete
Toy	fr	jouet
Toy	it	Giocattolo
Toy	ja	玩具
Trap	de	Falle
Trap	es	Trampa
Trap	fr	piège
Trap	it	Trappola
Trap	ja	罠
Trap	pt	Armadilha
Trap	ru	Ловушка
Trap	zhs	陷阱
Treasure	de	Schatz
Treasure	es	Tesoro
Treasure	fr	trésor
Treasure	it	Tesoro
Treasure	ja	宝物
Treasure	ko	보물
Treasure	pt	Tesouro
Treasure	ru	Клад
Treasure	zhs	珍宝
Treasure	zht	珍寶
Treefolk	de	Baumhirte
Treefolk	es	Pueblo-arbóreo
Treefolk	fr	sylvin
Treefolk	it	Silvantropo
Treefolk	ja	ツリーフォーク
Treefolk	ko	인목
Treefolk	pt	Ent
Treefolk	ru	Лесовик
Treefolk	zhs	树妖
Treefolk	zht	樹妖
Trenzalore	de	Trenzalore
Trenzalore	fr	Trenzalore
Trenzalore	ja	トレンザロア
Trilobite	de	Trilobit
Trilobite	es	Trilobites
Trilobite	fr	trilobite
Trilobite	it	Trilobite
Trilobite	ja	三葉虫
Trilobite	ko	삼엽충
Trilobite	pt	Trilobita
Trilobite	ru	Трилобит
Trilobite	zhs	三叶虫
Trilobite	zht	三葉蟲
Troll	de	Troll
Troll	es	Trol
Troll	fr	troll
Troll	it	Troll
Troll	ja	トロール
Troll	ko	트롤
Troll	pt	Trol
Troll	ru	Тролль
Troll	zhs	巨魔
Troll	zht	巨魔
Turtle	de	Schildkröte
Turtle	es	Tortuga
Turtle	fr	tortue terrestre
Turtle	it	Tartaruga
Turtle	ja	海亀
Turtle	ko	거북이
Turtle	pt	Tartaruga
Turtle	ru	Черепаха
Turtle	zhs	龟
Turtle	zht	龜
Tyranid	de	Tyranide
Tyranid	es	Tiránido
Tyranid	fr	tyranide
Tyranid	it	Tiranide
Tyranid	ja	ティラニッド
Tyranid	pt	Tiranídeo
Tyranid	zhs	泰伦虫族
Tyvar	de	Tyvar
Tyvar	es	Tyvar
Tyvar	fr	Tyvar
Tyvar	it	Tyvar
Tyvar	ja	タイヴァー
Tyvar	ko	타이바르
Tyvar	pt	Tyvar
Tyvar	ru	Тивар
Tyvar	zhs	泰瓦
Tyvar	zht	泰瓦
Ugin	de	Ugin
Ugin	es	Ugin
Ugin	fr	Ugin
Ugin	it	Ugin
Ugin	ja	ウギン
Ugin	ko	우진
Ugin	pt	Ugin
Ugin	ru	Уджин
Ugin	zhs	乌金
Ugin	zht	烏金
Ulgrotha	de	Ulgrotha
Ulgrotha	es	Ulgrotha
Ulgrotha	fr	Ulgrotha
Ulgrotha	it	Ulgrotha
Ulgrotha	ja	ウルグローサ
Unicorn	de	Einhorn
Unicorn	es	Unicornio
Unicorn	fr	licorne
Unicorn	it	Unicorno
Unicorn	ja	ユニコーン
Unicorn	ko	유니콘
Unicorn	pt	Unicórnio
Unicorn	ru	Единорог
Unicorn	zhs	独角兽
Unicorn	zht	獨角獸
Urza's	de	Urzas
Urza's	es	De-Urza
Urza's	fr	terrain d'Urza
Urza's	it	di Urza
Urza's	ja	ウルザの
Urza's	ko	우르자의
Urza's	pt	De Urza
Urza's	ru	Урзы
Urza's	zhs	克撒的
Urza's	zht	克撒的
Valla	de	Valla
Valla	es	Valla
Valla	fr	Valla
Valla	it	Valla
Valla	ja	ヴァラ
Vampire	de	Vampir
Vampire	es	Vampiro
Vampire	fr	vampire
Vampire	it	Vampiro
Vampire	ja	吸血鬼
Vampire	ko	흡혈귀
Vampire	pt	Vampiro
Vampire	ru	Вампир
Vampire	zhs	吸血鬼
Vampire	zht	吸血鬼
Varmint	de	Ungeziefer
Varmint	es	Alimaña
Varmint	fr	vermine
Varmint	it	Pangoratto
Varmint	ja	匪獣
Varmint	pt	Vermina
Varmint	zhs	害兽
Vedalken	de	Vedalken
Vedalken	es	Vedalken
Vedalken	fr	vedalken
Vedalken	it	Vedalken
Vedalken	ja	ヴィダルケン
Vedalken	ko	베달켄
Vedalken	pt	Vedalkeano
Vedalken	ru	Ведалкен
Vedalken	zhs	维多肯
Vedalken	zht	維多肯
Vehicle	de	Fahrzeug
Vehicle	es	Vehículo
Vehicle	fr	véhicule
Vehicle	it	Veicolo
Vehicle	ja	機体
Vehicle	ko	탑승물
Vehicle	pt	Veículo
Vehicle	ru	Машина
Vehicle	zhs	载具
Vehicle	zht	載具
Venser	de	Venser
Venser	es	Venser
Venser	fr	Venser
Venser	it	Venser
Venser	ja	ヴェンセール
Venser	pt	Venser
Venser	ru	Венсер
Venser	zhs	凡瑟
Venser	zht	凡瑟
Vivien	de	Vivien
Vivien	es	Vivien
Vivien	fr	Vivien
Vivien	it	Vivien
Vivien	ja	ビビアン
Vivien	ko	비비안
Vivien	pt	Vivien
Vivien	ru	Вивьен
Vivien	zhs	薇薇安
Vivien	zht	薇薇安
Volver	de	Modulon
Volver	fr	évolien
Volver	it	Volvero
Vraska	de	Vraska
Vraska	es	Vraska
Vraska	fr	Vraska
Vraska	it	Vraska
Vraska	ja	ヴラスカ
Vraska	ko	브라스카
Vraska	pt	Vraska
Vraska	ru	Враска
Vraska	zhs	瓦丝卡
Vraska	zht	瓦絲卡
Vronos	de	Vronos
Vronos	fr	Vronos
Vronos	ja	ヴロノース
Vryn	de	Vryn
Vryn	es	Vryn
Vryn	fr	Vryn
Vryn	it	Vryn
Vryn	ja	ヴリン
Wall	de	Mauer
Wall	es	Muro
Wall	fr	mur
Wall	it	Muro
Wall	ja	壁
Wall	ko	벽
Wall	pt	Barreira
Wall	ru	Стена
Wall	zhs	墙
Wall	zht	牆
Walrus	de	Walross
Walrus	es	Morsa
Walrus	fr	morse
Walrus	it	Tricheco
Walrus	ja	セイウチ
Walrus	ko	바다코끼리
Walrus	pt	Morsa
Walrus	ru	Морж
Walrus	zhs	海象
Walrus	zht	海象
Warlock	de	Hexenmeister
Warlock	es	Brujo
Warlock	fr	psychagogue
Warlock	it	Warlock
Warlock	ja	邪術師
Warlock	ko	흑마법사
Warlock	pt	Bruxo
Warlock	ru	Колдун
Warlock	zhs	邪术师
Warlock	zht	邪術師
Warrior	de	Krieger
Warrior	es	Guerrero
Warrior	fr	guerrier
Warrior	it	Guerriero
Warrior	ja	戦士
Warrior	ko	전사
Warrior	pt	Guerreiro
Warrior	ru	Воин
Warrior	zhs	战士
Warrior	zht	戰士
Weasel	de	Wiesel
Weasel	es	comadreja
Weasel	fr	belette
Weasel	it	Donnola
Weasel	ja	イタチ
Weird	de	Seltsamkeit
Weird	es	Extraño
Weird	fr	anomalie
Weird	it	Bizzarria
Weird	ja	奇魔
Weird	ko	위어드
Weird	pt	Bizarro
Weird	ru	Диковина
Weird	zhs	怪奇
Weird	zht	怪奇
Werewolf	de	Werwolf
Werewolf	es	Licántropo
Werewolf	fr	loup-garou
Werewolf	it	Mannaro
Werewolf	ja	狼男
Werewolf	ko	늑대인간
Werewolf	pt	Lobisomem
Werewolf	ru	Вервольф
Werewolf	zhs	狼人
Werewolf	zht	- 狼人
Whale	de	Wal
Whale	es	Ballena
Whale	fr	baleine
Whale	it	Balena
Whale	ja	鯨
Whale	ko	고래
Whale	pt	Baleia
Whale	ru	Кит
Whale	zhs	鲸鱼
Whale	zht	鯨魚
Wildfire	de	Wildfeuer
Wildfire	es	Dominio Ígneo
Wildfire	fr	Grégefeu
Wildfire	it	Fuoco Ribelle
Wildfire	ja	ワイルドファイア
Will	de	Will
Will	es	Will
Will	fr	Will
Will	it	Will
Will	ja	ウィル
Will	ko	윌
Will	pt	Will
Will	ru	Уилл
Will	zhs	威尔
Will	zht	威爾
Windgrace	de	Windgrace
Windgrace	es	Windgrace
Windgrace	fr	Vent des vertus
Windgrace	it	Windgrace
Windgrace	ja	ウィンドグレイス
Windgrace	pt	Windgrace
Wizard	de	Zauberer
Wizard	es	Hechicero
Wizard	fr	sorcier
Wizard	it	Mago
Wizard	ja	ウィザード
Wizard	ko	마법사
Wizard	pt	Mago
Wizard	ru	Чародей
Wizard	zhs	法术师
Wizard	zht	魔法師
Wolf	de	Wolf
Wolf	es	Lobo
Wolf	fr	loup
Wolf	it	Lupo
Wolf	ja	狼
Wolf	ko	늑대
Wolf	pt	Lobo
Wolf	ru	Волк
Wolf	zhs	狼
Wolf	zht	狼
Wolverine	de	Vielfraß
Wolverine	es	Glotón
Wolverine	fr	glouton
Wolverine	it	Ghiottone
Wolverine	ja	クズリ
Wolverine	ko	울버린
Wolverine	pt	Carcaju
Wolverine	ru	Росомаха
Wolverine	zhs	狼獾
Wolverine	zht	狼獾
Wombat	de	Wombat
Wombat	es	Wombat
Wombat	fr	wombat
Wombat	it	Vombato
Wombat	ja	ウォンバット
Wombat	pt	Vombate
Wombat	zhs	袋熊
World Enchantment	de	Weltenverzauberung
World Enchantment	es	Encantamiento mundo
World Enchantment	fr	Enchantement du monde
World Enchantment	it	Incantesimo Mondo
World Enchantment	ja	ワールド・エンチャント
World Enchantment	pt	Encantamento Mundo
World Enchantment	zhs	普世结界
Worm	de	Würmchen
Worm	es	Gusano
Worm	fr	ver
Worm	it	Verme
Worm	ja	蟲
Worm	ko	지렁이
Worm	pt	Verme
Worm	ru	Червь
Worm	zhs	蠕虫
Worm	zht	蠕蟲
Wraith	de	Wraith
Wraith	es	Aparición
Wraith	fr	apparition
Wraith	it	Necrospettro
Wraith	ja	レイス
Wraith	pt	Aparição
Wraith	ru	Видение
Wraith	zhs	鬼魂
Wraith	zht	鬼魂
Wrenn	de	Wrenn
Wrenn	es	Wrenn
Wrenn	fr	Wrenn
Wrenn	it	Wrenn
Wrenn	ja	レン
Wrenn	ko	렌
Wrenn	pt	Wrenn
Wrenn	ru	Ренн
Wrenn	zhs	芮恩
Wrenn	zht	芮恩
Wurm	de	Wurm
Wurm	es	Sierpe
Wurm	fr	guivre
Wurm	it	Wurm
Wurm	ja	ワーム
Wurm	ko	웜
Wurm	pt	Vorme
Wurm	ru	Вурм
Wurm	zhs	亚龙
Wurm	zht	亞龍
Xenagos	de	Xenagos
Xenagos	es	Xenagos
Xenagos	fr	Xénagos
Xenagos	it	Xenagos
Xenagos	ja	ゼナゴス
Xenagos	ko	제나고스
Xenagos	pt	Xenagos
Xenagos	ru	Ксенаг
Xenagos	zhs	谢纳戈斯
Xenagos	zht	謝納戈斯
Yanggu	de	Yanggu
Yanggu	es	Yanggu
Yanggu	fr	Yanggu
Yanggu	it	Yanggu
Yanggu	ja	ヤングー
Yanggu	ko	양구
Yanggu	pt	Yanggu
Yanggu	ru	Янгу
Yanggu	zhs	旸谷
Yanggu	zht	暘谷
Yanling	de	Yanling
Yanling	es	Yanling
Yanling	fr	Yanling
Yanling	it	Yanling
Yanling	ja	ヤンリン
Yanling	ko	얀링
Yanling	pt	Yanling
Yanling	ru	Янлин
Yanling	zhs	燕灵
Yanling	zht	燕靈
Yeti	de	Yeti
Yeti	es	Yeti
Yeti	fr	yeti
Yeti	it	Yeti
Yeti	ja	イエティ
Yeti	ko	설인
Yeti	pt	Yeti
Yeti	ru	Йети
Yeti	zhs	雪怪
Yeti	zht	雪怪
Zariel	de	Zariel
Zariel	es	Zariel
Zariel	fr	Zariel
Zariel	it	Zariel
Zariel	ja	ザリエル
Zariel	ko	자리엘
Zariel	pt	Zariel
Zariel	ru	Зариэль
Zariel	zhs	扎瑞尔
Zariel	zht	扎瑞爾
Zendikar	de	Zendikar
Zendikar	es	Zendikar
Zendikar	fr	Zendikar
Zendikar	it	Zendikar
Zendikar	ja	ゼンディカー
Zendikar	pt	Zendikar
Zendikar	zhs	赞迪卡
Zhalfir	de	Zhalfir
Zhalfir	es	Zhalfir
Zhalfir	fr	Zhalfir
Zhalfir	it	Zhalfir
Zhalfir	ja	ザルファー
Zhalfir	pt	Zhalfir
Zhalfir	zhs	赛费尔
Zombie	de	Zombie
Zombie	es	Zombie
Zombie	fr	zombie
Zombie	it	Zombie
Zombie	ja	ゾンビ
Zombie	ko	좀비
Zombie	pt	Zumbi
Zombie	ru	Зомби
Zombie	zhs	灵俑
Zombie	zht	殭屍
Zubera	de	Zubera
Zubera	es	zubera
Zubera	fr	zubera
Zubera	it	Zubera
Zubera	ja	ずべら
Zubera	pt	Zubera
Zubera	zhs	无面鬼
